Date,time,lab_temperature,reactor_temperature,current,voltage,power
10/10/2020,7:42:06,15.69,15.77,4.39,27.18,119.31
10/10/2020,7:42:18,15.73,15.75,4.64,26.93,125.03
10/10/2020,7:42:43,15.73,15.71,3.68,26.97,99.35
10/10/2020,7:42:57,15.75,15.77,3.84,26.95,103.36
10/10/2020,7:43:12,15.77,15.75,4.59,26.96,123.82
10/10/2020,7:43:24,15.75,15.77,3.84,26.92,103.25
10/10/2020,7:43:35,15.77,15.75,4.04,26.9,108.61
10/10/2020,7:43:47,15.77,15.75,4.64,26.93,125.03
10/10/2020,7:43:58,15.75,15.77,4.09,26.9,109.94
10/10/2020,7:44:09,15.77,15.77,4.64,26.91,124.96
10/10/2020,7:44:21,15.79,15.81,4.24,26.86,113.86
10/10/2020,7:44:32,15.79,15.77,4.84,26.88,130.21
10/10/2020,7:44:44,15.83,15.85,4.79,26.87,128.8
10/10/2020,7:44:57,15.79,15.81,4.84,26.85,130.08
10/10/2020,7:45:08,15.83,15.77,4.84,26.84,130.06
10/10/2020,7:45:20,15.79,15.77,4.79,26.82,128.6
10/10/2020,7:45:41,15.83,15.77,4.29,26.81,114.99
10/10/2020,7:45:53,15.79,15.77,4.84,26.83,129.98
10/10/2020,7:46:08,15.83,15.81,4.9,26.82,131.28
10/10/2020,7:46:23,15.79,15.77,4.9,26.81,131.26
10/10/2020,7:46:37,15.79,15.67,4.84,26.8,129.82
10/10/2020,7:46:48,15.85,15.81,5.05,26.79,135.21
10/10/2020,7:47:04,15.83,15.75,7.47,26.94,201.27
10/10/2020,7:47:20,15.83,15.81,5.05,26.79,135.21
10/10/2020,7:47:36,15.85,15.75,4.29,26.79,114.92
10/10/2020,7:47:47,15.87,15.75,4.44,26.78,118.95
10/10/2020,7:48:03,15.85,15.87,5.05,26.79,135.21
10/10/2020,7:48:16,15.85,15.85,5.05,26.78,135.18
10/10/2020,7:48:31,15.87,15.75,5.05,26.79,135.21
10/10/2020,7:48:48,15.93,15.87,4.59,26.74,122.79
10/10/2020,7:48:59,15.91,15.87,4.69,26.73,125.44
10/10/2020,7:49:10,15.85,15.75,4.79,26.72,128.09
10/10/2020,7:49:25,15.87,15.81,4.69,26.69,125.29
10/10/2020,7:49:36,15.91,15.97,5.25,26.7,140.14
10/10/2020,7:49:47,15.87,15.75,5.4,26.7,144.19
10/10/2020,7:50:03,15.91,15.91,4.69,26.64,125.01
10/10/2020,7:50:16,15.91,15.91,5.5,26.67,146.74
10/10/2020,7:50:32,15.93,15.91,5.6,26.64,149.22
10/10/2020,7:50:47,15.93,15.91,5.6,26.63,149.19
10/10/2020,7:50:59,15.91,15.91,5.6,26.59,148.95
10/10/2020,7:51:12,15.93,15.91,5.86,26.56,155.51
10/10/2020,7:51:28,15.93,15.91,6.01,26.5,159.18
10/10/2020,7:51:40,15.93,15.87,6.11,26.44,161.46
10/10/2020,7:51:56,15.95,15.91,5.75,26.5,152.49
10/10/2020,7:52:08,15.97,15.91,6.11,26.52,161.96
10/10/2020,7:52:21,15.97,16.01,6.01,26.52,159.31
10/10/2020,7:52:32,15.95,15.97,6.06,26.51,160.58
10/10/2020,7:52:46,15.97,16.01,5.8,26.52,153.95
10/10/2020,7:52:57,15.97,15.97,5.91,26.52,156.6
10/10/2020,7:53:17,15.95,15.91,6.11,26.49,161.76
10/10/2020,7:53:29,15.95,15.97,5.55,26.41,146.63
10/10/2020,7:53:41,15.97,16.01,5.8,26.36,153.02
10/10/2020,7:53:51,15.93,15.97,6.26,26.36,165
10/10/2020,7:54:02,15.95,16.01,6.41,26.36,169
10/10/2020,7:54:18,15.93,16.01,6.31,26.36,166.33
10/10/2020,7:54:31,15.95,16.01,5.65,26.36,149.03
10/10/2020,7:54:43,15.95,15.97,5.91,26.36,155.68
10/10/2020,7:54:54,15.95,16.03,6.11,26.43,161.4
10/10/2020,7:55:05,15.91,16.07,5.25,26.47,138.97
10/10/2020,7:55:22,15.91,16.07,6.06,26.52,160.62
10/10/2020,7:55:35,15.91,16.03,6.16,26.49,163.13
10/10/2020,7:55:49,15.91,16.07,5.3,26.44,140.1
10/10/2020,7:55:59,15.91,16.13,5.86,26.45,154.88
10/10/2020,7:56:12,15.95,16.01,6.26,26.43,165.44
10/10/2020,7:56:24,15.95,16.01,6.31,26.39,166.54
10/10/2020,7:56:37,15.93,16.07,6.26,26.42,165.37
10/10/2020,7:56:49,15.97,16.03,6.21,26.47,164.37
10/10/2020,7:57:07,15.97,16.01,6.06,26.49,160.45
10/10/2020,7:57:17,15.95,16.03,5.5,26.45,145.5
10/10/2020,7:57:28,15.95,16.13,6.21,26.48,164.4
10/10/2020,7:57:40,15.97,16.13,6.01,26.47,158.99
10/10/2020,7:57:55,15.97,16.07,6.21,26.46,164.3
10/10/2020,7:58:06,15.95,16.17,6.16,26.46,162.93
10/10/2020,7:58:17,15.99,16.07,5.65,26.43,149.42
10/10/2020,7:58:28,15.99,16.13,5.96,26.45,157.52
10/10/2020,7:58:39,15.99,16.07,6.16,26.45,162.87
10/10/2020,7:58:51,16.01,16.13,6.11,26.44,161.46
10/10/2020,7:59:03,16.01,16.11,5.6,26.39,147.87
10/10/2020,7:59:14,16.03,16.11,6.36,26.42,168
10/10/2020,7:59:28,16.01,16.07,5.86,26.36,154.32
10/10/2020,7:59:38,16.01,16.11,6.06,26.29,159.26
10/10/2020,7:59:49,16.01,16.17,6.21,26.24,162.94
10/10/2020,8:00:01,16.01,16.11,6.26,26.21,164.06
10/10/2020,8:00:12,15.99,16.13,6.41,26.21,168.04
10/10/2020,8:00:23,16.03,16.21,6.31,26.2,165.32
10/10/2020,8:00:34,16.01,16.07,7.07,26.2,185.17
10/10/2020,8:00:45,16.03,16.23,6.61,26.16,172.98
10/10/2020,8:00:56,16.01,16.21,6.36,26.15,166.3
10/10/2020,8:01:07,16.01,16.21,6.66,26.16,174.3
10/10/2020,8:01:19,16.01,16.23,6.56,26.16,171.66
10/10/2020,8:01:32,16.01,16.23,6.46,26.15,168.94
10/10/2020,8:01:44,16.03,16.27,6.51,26.15,170.3
10/10/2020,8:01:54,16.01,16.23,6.46,26.15,168.98
10/10/2020,8:02:07,15.99,16.21,6.46,26.15,168.98
10/10/2020,8:02:18,16.01,16.23,6.56,26.15,171.59
10/10/2020,8:02:31,16.01,16.27,6.56,26.15,171.59
10/10/2020,8:02:43,15.99,16.23,7.07,26.18,184.98
10/10/2020,8:02:54,16.01,16.27,7.22,26.2,189.14
10/10/2020,8:03:05,16.01,16.27,6.46,26.17,169.08
10/10/2020,8:03:16,16.01,16.29,6.16,26.19,161.28
10/10/2020,8:03:28,16.01,16.23,6.92,26.27,181.64
10/10/2020,8:03:41,16.07,16.23,6.26,26.24,164.23
10/10/2020,8:03:52,16.09,16.27,6.81,26.29,179.17
10/10/2020,8:04:04,16.09,16.29,6.26,26.28,164.5
10/10/2020,8:04:14,16.09,16.33,6.66,26.34,175.51
10/10/2020,8:04:27,16.09,16.27,6.06,26.35,159.61
10/10/2020,8:04:38,16.13,16.33,5.86,26.35,154.29
10/10/2020,8:04:49,16.15,16.29,5.91,26.34,155.56
10/10/2020,8:05:01,16.13,16.21,6.06,26.32,159.45
10/10/2020,8:05:13,16.15,16.23,6.11,26.31,160.68
10/10/2020,8:05:23,16.17,16.33,6.21,26.27,163.11
10/10/2020,8:05:35,16.15,16.29,6.21,26.26,163.01
10/10/2020,8:05:46,16.19,16.33,6.86,26.29,180.46
10/10/2020,8:05:58,16.19,16.27,6.26,26.23,164.16
10/10/2020,8:06:11,16.19,16.33,7.02,26.23,184.07
10/10/2020,8:06:22,16.19,16.37,6.86,26.22,179.99
10/10/2020,8:06:32,16.19,16.37,6.97,26.2,182.48
10/10/2020,8:06:43,16.17,16.23,7.07,26.21,185.21
10/10/2020,8:06:56,16.19,16.37,6.56,26.15,171.62
10/10/2020,8:07:08,16.21,16.39,6.46,26.17,169.08
10/10/2020,8:07:19,16.21,16.39,6.46,26.19,169.22
10/10/2020,8:07:30,16.17,16.33,6.36,26.17,166.44
10/10/2020,8:07:41,16.23,16.37,6.51,26.19,170.54
10/10/2020,8:07:52,16.21,16.39,6.46,26.2,169.26
10/10/2020,8:08:03,16.23,16.43,7.02,26.23,184.03
10/10/2020,8:08:14,16.23,16.39,7.07,26.21,185.24
10/10/2020,8:08:28,16.25,16.33,6.97,26.25,182.86
10/10/2020,8:08:47,16.25,16.33,6.92,26.26,181.61
10/10/2020,8:08:58,16.27,16.37,6.66,26.3,175.22
10/10/2020,8:09:19,16.33,16.39,6.71,26.36,176.95
10/10/2020,8:09:35,16.35,16.37,6.26,26.44,165.47
10/10/2020,8:09:50,16.35,16.39,5.65,26.58,150.24
10/10/2020,8:10:00,16.31,16.37,5.65,26.61,150.42
10/10/2020,8:10:19,16.33,16.29,5.45,26.71,145.6
10/10/2020,8:10:32,16.37,16.47,4.69,26.72,125.39
10/10/2020,8:10:48,16.37,16.39,5.05,26.78,135.18
10/10/2020,8:11:04,16.37,16.39,5.05,26.79,135.21
10/10/2020,8:11:14,16.37,16.43,4.9,26.82,131.31
10/10/2020,8:11:28,16.39,16.43,4.24,26.83,113.72
10/10/2020,8:11:53,16.39,16.43,4.34,26.88,116.66
10/10/2020,8:12:04,16.37,16.43,4.69,26.93,126.39
10/10/2020,8:12:15,16.41,16.37,4.59,26.93,123.7
10/10/2020,8:12:30,16.39,16.43,4.09,26.93,110.07
10/10/2020,8:12:41,16.37,16.39,4.64,26.97,125.23
10/10/2020,8:12:53,16.37,16.43,3.89,26.96,104.74
10/10/2020,8:13:04,16.33,16.57,3.89,26.98,104.84
10/10/2020,8:13:15,16.37,16.39,3.84,26.98,103.46
10/10/2020,8:13:26,16.35,16.47,4.49,27,121.29
10/10/2020,8:13:37,16.33,16.49,3.84,26.98,103.46
10/10/2020,8:13:49,16.31,16.53,4.49,26.99,121.24
10/10/2020,8:14:02,16.31,16.53,4.44,27,119.93
10/10/2020,8:14:15,16.25,16.59,3.84,26.96,103.4
10/10/2020,8:14:25,16.31,16.57,4.54,26.99,122.6
10/10/2020,8:14:36,16.27,16.53,4.04,26.97,108.89
10/10/2020,8:14:47,16.27,16.53,4.64,26.99,125.31
10/10/2020,8:14:59,16.27,16.47,3.94,26.95,106.08
10/10/2020,8:15:13,16.25,16.59,4.34,26.98,117.11
10/10/2020,8:15:24,16.23,16.59,4.64,26.97,125.21
10/10/2020,8:15:35,16.25,16.49,4.69,26.96,126.52
10/10/2020,8:15:54,16.23,16.49,4.64,26.93,125.03
10/10/2020,8:16:13,16.19,16.53,4.69,26.9,126.27
10/10/2020,8:16:26,16.23,16.59,4.9,26.9,131.68
10/10/2020,8:16:36,16.21,16.57,4.84,26.88,130.24
10/10/2020,8:16:51,16.23,16.53,4.84,26.87,130.16
10/10/2020,8:17:02,16.23,16.59,4.95,26.86,132.85
10/10/2020,8:17:13,16.23,16.63,4.84,26.84,130.06
10/10/2020,8:17:29,16.25,16.63,4.84,26.85,130.08
10/10/2020,8:17:39,16.25,16.59,4.34,26.81,116.36
10/10/2020,8:18:08,16.23,16.69,4.84,26.84,130.06
10/10/2020,8:18:25,16.21,16.59,4.74,26.85,127.37
10/10/2020,8:18:41,16.21,16.63,4.9,26.85,131.44
10/10/2020,8:18:51,16.21,16.63,4.19,26.82,112.35
10/10/2020,8:19:03,16.19,16.59,4.95,26.85,132.82
10/10/2020,8:19:18,16.21,16.65,4.84,26.84,130.06
10/10/2020,8:19:29,16.23,16.65,4.9,26.84,131.41
10/10/2020,8:19:47,16.21,16.59,4.64,26.84,124.61
10/10/2020,8:19:57,16.21,16.63,4.9,26.84,131.39
10/10/2020,8:20:13,16.25,16.65,4.95,26.84,132.74
10/10/2020,8:20:29,16.23,16.59,5,26.81,133.94
10/10/2020,8:20:42,16.25,16.63,5.05,26.81,135.32
10/10/2020,8:20:56,16.25,16.63,5.05,26.81,135.29
10/10/2020,8:21:06,16.27,16.63,4.9,26.82,131.28
10/10/2020,8:21:18,16.31,16.69,4.74,26.81,127.19
10/10/2020,8:21:30,16.27,16.59,4.39,26.79,117.62
10/10/2020,8:21:41,16.33,16.63,4.54,26.79,121.68
10/10/2020,8:21:52,16.27,16.69,4.95,26.82,132.64
10/10/2020,8:22:06,16.31,16.63,5.1,26.81,136.67
10/10/2020,8:22:17,16.31,16.63,5.05,26.83,135.4
10/10/2020,8:22:30,16.27,16.65,4.29,26.8,114.94
10/10/2020,8:22:43,16.23,16.59,4.39,26.8,117.65
10/10/2020,8:22:54,16.25,16.69,5,26.83,134.04
10/10/2020,8:23:06,16.21,16.63,4.95,26.84,132.74
10/10/2020,8:23:16,16.19,16.75,5.05,26.84,135.45
10/10/2020,8:23:27,16.21,16.65,4.44,26.82,119.12
10/10/2020,8:23:38,16.23,16.65,4.84,26.84,130.06
10/10/2020,8:23:51,16.23,16.73,4.95,26.85,132.8
10/10/2020,8:24:02,16.21,16.75,4.39,26.82,117.74
10/10/2020,8:24:20,16.23,16.65,4.34,26.82,116.39
10/10/2020,8:24:31,16.25,16.69,4.34,26.82,116.41
10/10/2020,8:24:46,16.25,16.69,4.44,26.81,119.05
10/10/2020,8:24:57,16.23,16.69,4.84,26.83,129.98
10/10/2020,8:25:09,16.21,16.65,4.44,26.8,119
10/10/2020,8:25:21,16.23,16.69,4.39,26.8,117.65
10/10/2020,8:25:32,16.23,16.65,4.34,26.81,116.34
10/10/2020,8:25:42,16.23,16.69,4.29,26.8,114.96
10/10/2020,8:25:54,16.27,16.73,4.39,26.8,117.67
10/10/2020,8:26:06,16.27,16.73,4.29,26.8,114.96
10/10/2020,8:26:17,16.33,16.75,4.44,26.81,119.07
10/10/2020,8:26:29,16.31,16.65,4.79,26.84,128.7
10/10/2020,8:26:40,16.31,16.69,4.34,26.82,116.41
10/10/2020,8:26:51,16.33,16.75,4.24,26.81,113.65
10/10/2020,8:27:02,16.33,16.69,4.84,26.87,130.19
10/10/2020,8:27:13,16.33,16.69,4.44,26.83,119.17
10/10/2020,8:27:24,16.33,16.79,4.19,26.86,112.5
10/10/2020,8:27:36,16.33,16.75,4.34,26.84,116.5
10/10/2020,8:27:46,16.33,16.73,4.95,26.87,132.9
10/10/2020,8:27:58,16.33,16.65,4.9,26.88,131.6
10/10/2020,8:28:09,16.35,16.75,4.84,26.88,130.21
10/10/2020,8:28:20,16.35,16.75,4.19,26.85,112.48
10/10/2020,8:28:31,16.37,16.79,4.09,26.84,109.72
10/10/2020,8:28:42,16.35,16.79,4.09,26.87,109.81
10/10/2020,8:28:53,16.37,16.83,4.04,26.84,108.37
10/10/2020,8:29:04,16.37,16.83,4.9,26.89,131.65
10/10/2020,8:29:19,16.39,16.79,4.24,26.87,113.9
10/10/2020,8:29:30,16.39,16.75,4.29,26.85,115.17
10/10/2020,8:29:42,16.35,16.75,4.79,26.87,128.83
10/10/2020,8:29:53,16.35,16.83,4.24,26.85,113.81
10/10/2020,8:30:03,16.39,16.79,4.95,26.88,132.95
10/10/2020,8:30:15,16.39,16.83,4.74,26.88,127.5
10/10/2020,8:30:27,16.41,16.79,4.84,26.87,130.16
10/10/2020,8:30:42,16.43,16.83,4.14,26.84,111.06
10/10/2020,8:30:53,16.41,16.83,4.39,26.83,117.79
10/10/2020,8:31:04,16.41,16.79,4.44,26.81,119.05
10/10/2020,8:31:15,16.41,16.75,4.49,26.81,120.42
10/10/2020,8:31:26,16.43,16.79,4.44,26.8,119
10/10/2020,8:31:37,16.41,16.73,4.9,26.84,131.39
10/10/2020,8:31:50,16.43,16.73,4.39,26.8,117.65
10/10/2020,8:32:01,16.45,16.73,4.44,26.79,118.98
10/10/2020,8:32:11,16.43,16.73,4.59,26.79,123.03
10/10/2020,8:32:22,16.47,16.73,4.44,26.79,118.98
10/10/2020,8:32:33,16.47,16.75,4.44,26.79,118.98
10/10/2020,8:32:45,16.49,16.75,4.59,26.79,123.03
10/10/2020,8:32:59,16.53,16.73,4.39,26.79,117.62
10/10/2020,8:33:15,16.49,16.75,5.1,26.79,136.56
10/10/2020,8:33:25,16.53,16.79,5.1,26.79,136.56
10/10/2020,8:33:41,16.53,16.73,5.15,26.79,137.92
10/10/2020,8:33:59,16.55,16.75,5.2,26.78,139.24
10/10/2020,8:34:19,16.57,16.79,5.3,26.78,141.95
10/10/2020,8:34:30,16.57,16.83,5.2,26.76,139.13
10/10/2020,8:34:58,16.57,16.75,5.2,26.75,139.05
10/10/2020,8:35:17,16.57,16.91,4.69,26.69,125.29
10/10/2020,8:35:29,16.59,16.79,4.84,26.66,129.15
10/10/2020,8:35:39,16.59,16.79,5.45,26.68,145.42
10/10/2020,8:35:50,16.57,16.79,5.65,26.67,150.78
10/10/2020,8:36:03,16.61,16.83,5.15,26.6,136.95
10/10/2020,8:36:15,16.57,16.83,5.8,26.59,154.35
10/10/2020,8:36:31,16.59,16.83,5.86,26.58,155.6
10/10/2020,8:36:41,16.61,16.79,6.06,26.56,160.88
10/10/2020,8:36:58,16.63,16.83,5.91,26.52,156.63
10/10/2020,8:37:14,16.63,16.91,5.96,26.51,157.91
10/10/2020,8:37:29,16.63,16.79,6.21,26.47,164.33
10/10/2020,8:37:48,16.63,16.89,6.21,26.42,164.04
10/10/2020,8:37:58,16.65,16.85,5.86,26.38,154.45
10/10/2020,8:38:10,16.61,16.75,5.75,26.37,151.72
10/10/2020,8:38:25,16.65,16.89,6.31,26.4,166.57
10/10/2020,8:38:38,16.63,16.85,6.41,26.38,169.1
10/10/2020,8:38:52,16.63,16.95,5.86,26.37,154.41
10/10/2020,8:39:02,16.59,16.83,5.7,26.36,150.36
10/10/2020,8:39:15,16.59,16.91,6.46,26.37,170.36
10/10/2020,8:39:27,16.61,16.89,5.75,26.36,151.69
10/10/2020,8:39:38,16.61,16.89,5.96,26.36,157.01
10/10/2020,8:39:49,16.61,16.85,6.56,26.39,173.16
10/10/2020,8:40:05,16.61,16.95,6.26,26.41,165.3
10/10/2020,8:40:15,16.63,16.91,5.86,26.37,154.38
10/10/2020,8:40:29,16.67,16.89,5.7,26.38,150.45
10/10/2020,8:40:44,16.65,16.85,6.31,26.44,166.81
10/10/2020,8:41:00,16.67,16.91,6.21,26.49,164.43
10/10/2020,8:41:16,16.67,17.05,5.91,26.52,156.63
10/10/2020,8:41:26,16.67,16.91,5.91,26.52,156.63
10/10/2020,8:41:38,16.69,16.91,5.91,26.55,156.82
10/10/2020,8:41:52,16.67,16.91,5.8,26.58,154.26
10/10/2020,8:42:12,16.67,16.99,5.86,26.57,155.57
10/10/2020,8:42:23,16.67,16.91,5.91,26.58,156.95
10/10/2020,8:42:34,16.69,16.99,5.91,26.59,157.04
10/10/2020,8:42:45,16.71,16.95,5.86,26.6,155.76
10/10/2020,8:42:56,16.71,16.95,5.8,26.62,154.51
10/10/2020,8:43:11,16.69,16.95,5.65,26.65,150.63
10/10/2020,8:43:29,16.69,17.09,5.05,26.64,134.43
10/10/2020,8:43:39,16.67,17.09,5.65,26.68,150.81
10/10/2020,8:43:53,16.67,17.05,5.6,26.69,149.55
10/10/2020,8:44:08,16.67,17.05,5.55,26.7,148.23
10/10/2020,8:44:25,16.67,17.01,5.5,26.7,146.89
10/10/2020,8:44:36,16.67,17.05,4.84,26.68,129.28
10/10/2020,8:44:47,16.67,17.09,5.45,26.71,145.6
10/10/2020,8:45:03,16.67,17.05,5.45,26.7,145.54
10/10/2020,8:45:15,16.69,17.01,5.4,26.73,144.36
10/10/2020,8:45:30,16.69,17.09,5.4,26.73,144.33
10/10/2020,8:45:41,16.67,16.99,4.74,26.72,126.76
10/10/2020,8:45:51,16.67,17.09,5.3,26.76,141.83
10/10/2020,8:46:07,16.65,17.01,5.4,26.76,144.54
10/10/2020,8:46:20,16.63,17.05,5.25,26.77,140.51
10/10/2020,8:46:33,16.61,17.05,5.3,26.78,141.95
10/10/2020,8:46:50,16.61,17.05,5.3,26.76,141.8
10/10/2020,8:47:00,16.63,17.11,5.25,26.76,140.48
10/10/2020,8:47:14,16.61,17.05,5.25,26.77,140.54
10/10/2020,8:47:30,16.59,17.09,5.2,26.76,139.13
10/10/2020,8:47:58,16.61,17.09,5.35,26.74,143.07
10/10/2020,8:48:09,16.65,17.09,5.35,26.74,143.04
10/10/2020,8:48:22,16.63,17.11,5.45,26.73,145.68
10/10/2020,8:48:37,16.61,17.15,5.35,26.73,142.98
10/10/2020,8:49:06,16.63,17.09,5.45,26.7,145.54
10/10/2020,8:49:16,16.67,17.11,5.5,26.7,146.89
10/10/2020,8:49:45,16.61,17.09,5.65,26.67,150.75
10/10/2020,8:50:13,16.61,17.11,5.75,26.63,153.23
10/10/2020,8:50:24,16.61,17.05,5.6,26.62,149.13
10/10/2020,8:50:37,16.59,17.15,5.86,26.59,155.7
10/10/2020,8:50:52,16.59,17.15,5.7,26.58,151.61
10/10/2020,8:51:02,16.61,17.15,5.15,26.58,136.81
10/10/2020,8:51:14,16.61,17.17,5.86,26.58,155.64
10/10/2020,8:51:26,16.65,17.21,5.65,26.58,150.24
10/10/2020,8:51:36,16.63,17.17,5.8,26.58,154.29
10/10/2020,8:51:57,16.65,17.17,5.91,26.58,156.98
10/10/2020,8:52:15,16.63,17.17,5.75,26.61,153.1
10/10/2020,8:52:28,16.65,17.17,5.7,26.64,151.94
10/10/2020,8:52:39,16.67,17.17,4.84,26.63,129.02
10/10/2020,8:52:57,16.67,17.21,5.6,26.7,149.58
10/10/2020,8:53:14,16.69,17.25,5.35,26.73,143.01
10/10/2020,8:53:35,16.65,17.21,5.25,26.78,140.59
10/10/2020,8:53:55,16.69,17.17,5.15,26.79,137.92
10/10/2020,8:54:11,16.71,17.15,5.25,26.8,140.65
10/10/2020,8:54:30,16.77,17.17,5.05,26.84,135.45
10/10/2020,8:54:45,16.77,17.17,4.84,26.84,130.06
10/10/2020,8:55:01,16.77,17.21,4.84,26.85,130.08
10/10/2020,8:55:19,16.79,17.15,4.95,26.84,132.77
10/10/2020,8:55:36,16.81,17.25,5.1,26.84,136.81
10/10/2020,8:55:52,16.81,17.25,5,26.84,134.1
10/10/2020,8:56:08,16.83,17.21,4.54,26.79,121.68
10/10/2020,8:56:26,16.83,17.27,5,26.8,133.91
10/10/2020,8:56:46,16.79,17.21,4.64,26.79,124.39
10/10/2020,8:56:59,16.77,17.17,5.2,26.78,139.24
10/10/2020,8:57:15,16.71,17.27,5.3,26.77,141.89
10/10/2020,8:57:35,16.71,17.27,5.35,26.74,143.07
10/10/2020,8:57:49,16.67,17.25,5.4,26.72,144.28
10/10/2020,8:58:02,16.67,17.25,5.55,26.72,148.32
10/10/2020,8:58:16,16.67,17.27,4.95,26.66,131.84
10/10/2020,8:58:28,16.61,17.31,5.45,26.68,145.45
10/10/2020,8:58:44,16.67,17.31,5.6,26.65,149.31
10/10/2020,8:58:55,16.63,17.25,5.65,26.66,150.69
10/10/2020,8:59:11,16.65,17.21,5.6,26.63,149.19
10/10/2020,8:59:27,16.63,17.33,5.65,26.6,150.36
10/10/2020,8:59:42,16.63,17.33,5.75,26.58,152.95
10/10/2020,9:00:00,16.63,17.41,5.86,26.58,155.6
10/10/2020,9:00:14,16.63,17.33,5.96,26.56,158.19
10/10/2020,9:00:35,16.59,17.41,6.11,26.52,161.99
10/10/2020,9:00:53,16.59,17.33,6.06,26.5,160.52
10/10/2020,9:01:11,16.59,17.37,6.31,26.47,167.04
10/10/2020,9:01:25,16.61,17.41,6.11,26.46,161.63
10/10/2020,9:01:36,16.59,17.37,6.21,26.46,164.3
10/10/2020,9:01:46,16.63,17.53,6.26,26.47,165.67
10/10/2020,9:01:56,16.61,17.37,6.21,26.46,164.27
10/10/2020,9:02:07,16.61,17.33,6.26,26.47,165.67
10/10/2020,9:02:17,16.63,17.41,6.11,26.47,161.66
10/10/2020,9:02:27,16.61,17.37,6.36,26.47,168.34
10/10/2020,9:02:38,16.63,17.41,6.06,26.47,160.32
10/10/2020,9:02:48,16.61,17.51,6.16,26.46,162.96
10/10/2020,9:02:58,16.59,17.41,6.11,26.49,161.76
10/10/2020,9:03:09,16.59,17.41,6.16,26.47,163.03
10/10/2020,9:03:19,16.61,17.41,6.31,26.49,167.11
10/10/2020,9:03:29,16.61,17.43,6.06,26.5,160.49
10/10/2020,9:03:40,16.63,17.43,6.11,26.49,161.76
10/10/2020,9:03:50,16.61,17.41,6.06,26.49,160.45
10/10/2020,9:04:01,16.63,17.41,6.11,26.5,161.86
10/10/2020,9:04:11,16.61,17.43,6.06,26.52,160.62
10/10/2020,9:04:21,16.63,17.53,6.11,26.53,162.02
10/10/2020,9:04:32,16.63,17.47,6.01,26.55,159.47
10/10/2020,9:04:42,16.61,17.41,5.91,26.54,156.72
10/10/2020,9:04:52,16.67,17.41,5.96,26.55,158.13
10/10/2020,9:05:03,16.67,17.43,5.96,26.57,158.26
10/10/2020,9:05:13,16.69,17.43,5.96,26.57,158.22
10/10/2020,9:05:23,16.71,17.41,5.96,26.56,158.19
10/10/2020,9:05:34,16.75,17.47,5.86,26.56,155.51
10/10/2020,9:05:44,16.75,17.43,5.96,26.57,158.22
10/10/2020,9:05:54,16.75,17.43,6.06,26.54,160.78
10/10/2020,9:06:05,16.75,17.43,5.96,26.55,158.16
10/10/2020,9:06:19,16.77,17.43,6.01,26.56,159.53
10/10/2020,9:06:29,16.77,17.41,5.86,26.57,155.54
10/10/2020,9:06:43,16.79,17.47,5.8,26.58,154.26
10/10/2020,9:07:05,16.81,17.41,6.01,26.54,159.41
10/10/2020,9:07:24,16.81,17.37,5.96,26.53,158
10/10/2020,9:07:44,16.83,17.43,6.06,26.54,160.75
10/10/2020,9:08:13,16.87,17.41,6.06,26.52,160.65
10/10/2020,9:08:30,16.89,17.43,6.01,26.52,159.31
10/10/2020,9:08:48,16.91,17.43,6.26,26.52,166.01
10/10/2020,9:09:03,16.97,17.37,5.96,26.52,157.97
10/10/2020,9:09:19,16.97,17.51,6.16,26.51,163.26
10/10/2020,9:09:34,16.99,17.47,6.06,26.52,160.62
10/10/2020,9:09:44,16.99,17.53,8.48,26.64,225.94
10/10/2020,9:09:57,16.99,17.43,6.01,26.52,159.28
10/10/2020,9:10:12,17.01,17.47,6.06,26.52,160.62
10/10/2020,9:10:27,17.01,17.43,6.21,26.52,164.63
10/10/2020,9:10:48,17.05,17.47,6.31,26.5,167.21
10/10/2020,9:10:59,17.07,17.47,6.11,26.5,161.86
10/10/2020,9:11:19,17.07,17.51,6.06,26.49,160.45
10/10/2020,9:11:35,17.07,17.51,6.26,26.49,165.81
10/10/2020,9:11:57,17.07,17.57,6.16,26.49,163.13
10/10/2020,9:12:07,17.09,17.57,6.11,26.49,161.76
10/10/2020,9:12:25,17.11,17.59,6.06,26.49,160.42
10/10/2020,9:12:43,17.09,17.53,6.16,26.47,163.03
10/10/2020,9:12:55,17.09,17.53,6.16,26.47,163
10/10/2020,9:13:05,17.09,17.53,6.31,26.46,166.94
10/10/2020,9:13:16,17.11,17.59,6.36,26.47,168.34
10/10/2020,9:13:26,17.13,17.57,6.31,26.46,166.94
10/10/2020,9:13:36,17.11,17.57,6.26,26.44,165.47
10/10/2020,9:13:47,17.13,17.53,6.41,26.44,169.48
10/10/2020,9:13:57,17.11,17.59,6.26,26.44,165.5
10/10/2020,9:14:07,17.13,17.57,6.41,26.42,169.37
10/10/2020,9:14:18,17.19,17.53,6.46,26.43,170.74
10/10/2020,9:14:28,17.13,17.57,6.46,26.43,170.74
10/10/2020,9:14:38,17.19,17.63,6.36,26.43,168.07
10/10/2020,9:14:49,17.15,17.59,6.46,26.41,170.64
10/10/2020,9:14:59,17.19,17.57,6.26,26.42,165.37
10/10/2020,9:15:09,17.19,17.59,6.46,26.4,170.57
10/10/2020,9:15:20,17.21,17.57,6.46,26.41,170.64
10/10/2020,9:15:30,17.19,17.63,6.51,26.4,171.9
10/10/2020,9:15:40,17.21,17.59,6.46,26.38,170.46
10/10/2020,9:15:51,17.21,17.57,6.51,26.4,171.9
10/10/2020,9:16:01,17.23,17.59,6.46,26.39,170.5
10/10/2020,9:16:12,17.21,17.63,6.46,26.38,170.46
10/10/2020,9:16:22,17.23,17.63,6.51,26.4,171.9
10/10/2020,9:16:32,17.21,17.63,6.36,26.39,167.87
10/10/2020,9:16:43,17.23,17.59,6.51,26.4,171.9
10/10/2020,9:16:53,17.21,17.57,6.51,26.4,171.9
10/10/2020,9:17:03,17.21,17.59,6.51,26.41,171.97
10/10/2020,9:17:14,17.25,17.67,6.36,26.39,167.83
10/10/2020,9:17:24,17.25,17.57,6.51,26.39,171.87
10/10/2020,9:17:34,17.25,17.67,6.46,26.39,170.53
10/10/2020,9:17:45,17.23,17.67,6.46,26.41,170.6
10/10/2020,9:17:55,17.25,17.67,6.01,26.36,158.34
10/10/2020,9:18:05,17.25,17.67,6.56,26.37,173.02
10/10/2020,9:18:22,17.29,17.67,6.61,26.37,174.36
10/10/2020,9:18:34,17.27,17.67,6.61,26.37,174.36
10/10/2020,9:18:45,17.27,17.67,6.61,26.36,174.32
10/10/2020,9:18:56,17.27,17.73,6.01,26.36,158.34
10/10/2020,9:19:07,17.29,17.67,6.71,26.36,176.98
10/10/2020,9:19:18,17.27,17.59,6.66,26.36,175.65
10/10/2020,9:19:33,17.31,17.63,6.56,26.36,172.99
10/10/2020,9:20:02,17.33,17.63,6.71,26.36,176.98
10/10/2020,9:20:20,17.37,17.75,6.61,26.36,174.32
10/10/2020,9:20:30,17.33,17.69,6.71,26.36,176.98
10/10/2020,9:20:46,17.35,17.75,6.61,26.36,174.32
10/10/2020,9:21:02,17.31,17.69,6.81,26.36,179.65
10/10/2020,9:21:26,17.33,17.73,6.61,26.36,174.32
10/10/2020,9:21:37,17.29,17.73,6.41,26.36,169
10/10/2020,9:21:53,17.21,17.73,6.71,26.36,176.98
10/10/2020,9:22:11,17.19,17.75,6.36,26.36,167.66
10/10/2020,9:22:28,17.21,17.79,6.66,26.36,175.65
10/10/2020,9:22:46,17.19,17.79,6.76,26.36,178.31
10/10/2020,9:22:56,17.19,17.73,6.61,26.36,174.32
10/10/2020,9:23:10,17.19,17.75,6.71,26.36,176.98
10/10/2020,9:23:34,17.19,17.79,6.61,26.37,174.36
10/10/2020,9:23:50,17.19,17.79,6.66,26.36,175.65
10/10/2020,9:24:20,17.21,17.79,6.51,26.36,171.66
10/10/2020,9:24:43,17.23,17.79,6.66,26.36,175.65
10/10/2020,9:25:01,17.21,17.83,6.76,26.36,178.31
10/10/2020,9:25:16,17.21,17.83,6.56,26.38,173.13
10/10/2020,9:25:26,17.21,17.79,6.56,26.36,172.99
10/10/2020,9:25:37,17.25,17.83,6.71,26.36,176.98
10/10/2020,9:25:47,17.23,17.83,6.51,26.36,171.66
10/10/2020,9:25:58,17.27,17.85,6.51,26.36,171.66
10/10/2020,9:26:08,17.25,17.85,6.61,26.36,174.32
10/10/2020,9:26:18,17.27,17.79,6.71,26.36,176.98
10/10/2020,9:26:29,17.27,17.93,6.66,26.36,175.65
10/10/2020,9:26:39,17.29,17.83,6.81,26.36,179.65
10/10/2020,9:26:49,17.31,17.89,6.86,26.36,180.98
10/10/2020,9:27:00,17.31,17.93,6.76,26.36,178.28
10/10/2020,9:27:10,17.33,17.85,6.61,26.36,174.29
10/10/2020,9:27:20,17.31,17.85,6.86,26.36,180.98
10/10/2020,9:27:31,17.35,17.89,6.66,26.35,175.58
10/10/2020,9:27:41,17.33,17.83,6.81,26.36,179.61
10/10/2020,9:27:51,17.37,17.93,6.86,26.36,180.94
10/10/2020,9:28:02,17.37,17.93,6.71,26.35,176.91
10/10/2020,9:28:12,17.35,17.93,6.66,26.32,175.4
10/10/2020,9:28:22,17.33,17.93,9.19,26.44,242.95
10/10/2020,9:28:33,17.41,17.95,6.81,26.33,179.43
10/10/2020,9:28:43,17.41,17.95,6.71,26.34,176.84
10/10/2020,9:28:55,17.41,17.93,6.76,26.34,178.17
10/10/2020,9:29:07,17.35,17.89,6.86,26.34,180.79
10/10/2020,9:29:19,17.35,17.93,6.76,26.34,178.17
10/10/2020,9:29:34,17.41,17.93,6.11,26.3,160.65
10/10/2020,9:29:46,17.41,17.93,6.76,26.34,178.13
10/10/2020,9:30:06,17.41,17.95,6.86,26.35,180.9
10/10/2020,9:30:23,17.41,17.93,6.71,26.32,176.73
10/10/2020,9:30:33,17.41,17.95,6.86,26.34,180.79
10/10/2020,9:30:43,17.41,17.95,6.76,26.31,177.99
10/10/2020,9:30:54,17.41,17.99,8.63,26.39,227.8
10/10/2020,9:31:04,17.43,17.95,7.02,26.31,184.6
10/10/2020,9:31:14,17.45,17.93,6.86,26.33,180.76
10/10/2020,9:31:25,17.45,17.99,6.86,26.31,180.65
10/10/2020,9:31:35,17.47,17.93,6.86,26.32,180.72
10/10/2020,9:31:45,17.45,17.93,7.02,26.33,184.75
10/10/2020,9:31:56,17.41,17.99,6.92,26.31,181.94
10/10/2020,9:32:06,17.31,17.95,6.97,26.31,183.3
10/10/2020,9:32:16,17.29,18.01,7.02,26.31,184.6
10/10/2020,9:32:27,17.25,18.01,6.81,26.31,179.32
10/10/2020,9:32:37,17.23,18.01,6.86,26.29,180.46
10/10/2020,9:32:48,17.19,18.01,6.97,26.31,183.27
10/10/2020,9:32:58,17.13,18.09,6.86,26.3,180.57
10/10/2020,9:33:08,17.07,18.11,6.86,26.31,180.61
10/10/2020,9:33:19,17.11,18.05,6.86,26.3,180.57
10/10/2020,9:33:29,17.09,18.01,6.97,26.3,183.23
10/10/2020,9:33:39,17.03,17.99,7.07,26.29,185.81
10/10/2020,9:33:50,16.99,18.05,7.12,26.29,187.14
10/10/2020,9:33:55,16.97,18.09,6.46,26.27,169.74
10/10/2020,9:34:07,16.89,18.05,6.92,26.29,181.79
10/10/2020,9:34:22,16.83,18.15,6.97,26.3,183.19
10/10/2020,9:34:44,16.75,18.25,7.02,26.29,184.45
10/10/2020,9:35:03,16.75,18.17,6.81,26.29,179.17
10/10/2020,9:35:21,16.71,18.09,6.97,26.28,183.04
10/10/2020,9:35:31,16.75,18.17,7.07,26.29,185.77
10/10/2020,9:35:42,16.75,18.15,6.86,26.27,180.32
10/10/2020,9:35:52,16.79,18.17,7.12,26.3,187.21
10/10/2020,9:36:02,16.77,18.25,7.12,26.29,187.1
10/10/2020,9:36:14,16.79,18.17,6.56,26.26,172.32
10/10/2020,9:36:25,16.81,18.21,6.97,26.27,183.01
10/10/2020,9:36:40,16.83,18.15,6.46,26.26,169.64
10/10/2020,9:36:52,16.85,18.17,6.46,26.24,169.53
10/10/2020,9:37:03,16.85,18.21,6.51,26.26,171
10/10/2020,9:37:14,16.83,18.21,6.61,26.26,173.61
10/10/2020,9:37:27,16.85,18.25,7.02,26.3,184.52
10/10/2020,9:37:40,16.87,18.17,6.61,26.26,173.65
10/10/2020,9:37:51,16.89,18.25,6.86,26.28,180.43
10/10/2020,9:38:08,16.89,18.21,7.02,26.28,184.37
10/10/2020,9:38:35,16.91,18.21,6.51,26.27,171.07
10/10/2020,9:38:49,16.93,18.21,7.02,26.31,184.6
10/10/2020,9:39:03,16.93,18.15,6.97,26.31,183.27
10/10/2020,9:39:20,16.91,18.25,7.12,26.29,187.1
10/10/2020,9:39:49,16.91,18.17,7.12,26.29,187.14
10/10/2020,9:39:59,16.89,18.25,7.07,26.29,185.77
10/10/2020,9:40:13,16.85,18.37,7.02,26.29,184.48
10/10/2020,9:40:42,16.81,18.27,6.97,26.3,183.23
10/10/2020,9:41:09,16.81,18.37,6.92,26.31,181.98
10/10/2020,9:41:19,16.79,18.31,6.26,26.31,164.67
10/10/2020,9:41:38,16.75,18.37,6.21,26.31,163.34
10/10/2020,9:41:49,16.75,18.41,6.21,26.32,163.4
10/10/2020,9:42:04,16.77,18.41,6.21,26.34,163.5
10/10/2020,9:42:16,16.77,18.41,6.06,26.35,159.58
10/10/2020,9:42:27,16.75,18.41,6.71,26.36,176.98
10/10/2020,9:42:39,16.77,18.41,6.06,26.36,159.68
10/10/2020,9:42:50,16.77,18.43,6.11,26.36,161.01
10/10/2020,9:43:06,16.77,18.41,6.81,26.38,179.76
10/10/2020,9:43:21,16.75,18.43,6.61,26.39,174.5
10/10/2020,9:43:31,16.69,18.41,6.61,26.42,174.67
10/10/2020,9:43:48,16.67,18.41,6.46,26.42,170.71
10/10/2020,9:44:14,16.75,18.41,6.46,26.45,170.91
10/10/2020,9:44:43,16.75,18.41,6.31,26.47,167.04
10/10/2020,9:44:53,16.75,18.41,6.36,26.46,168.31
10/10/2020,9:45:07,16.75,18.43,6.31,26.5,167.21
10/10/2020,9:45:21,16.75,18.47,6.26,26.5,165.87
10/10/2020,9:45:31,16.79,18.43,5.6,26.51,148.53
10/10/2020,9:45:45,16.79,18.47,6.21,26.52,164.63
10/10/2020,9:45:59,16.79,18.41,6.21,26.52,164.67
10/10/2020,9:46:11,16.77,18.43,6.06,26.54,160.75
10/10/2020,9:46:21,16.77,18.47,5.45,26.52,144.55
10/10/2020,9:46:50,16.77,18.47,5.45,26.53,144.63
10/10/2020,9:47:19,16.81,18.47,5.55,26.55,147.43
10/10/2020,9:47:29,16.77,18.43,6.06,26.58,160.97
10/10/2020,9:47:43,16.79,18.47,6.06,26.58,160.97
10/10/2020,9:47:55,16.75,18.47,5.3,26.58,140.84
10/10/2020,9:48:06,16.71,18.43,5.25,26.58,139.53
10/10/2020,9:48:17,16.71,18.41,5.8,26.61,154.45
10/10/2020,9:48:33,16.71,18.43,5.25,26.58,139.53
10/10/2020,9:48:48,16.75,18.43,5.91,26.61,157.14
10/10/2020,9:48:59,16.71,18.47,5.25,26.59,139.58
10/10/2020,9:49:10,16.71,18.43,5.91,26.62,157.2
10/10/2020,9:49:24,16.75,18.47,5.25,26.61,139.7
10/10/2020,9:49:35,16.77,18.49,5.6,26.65,149.31
10/10/2020,9:49:47,16.79,18.47,5.2,26.6,138.27
10/10/2020,9:49:59,16.77,18.49,5.15,26.63,137.09
10/10/2020,9:50:10,16.77,18.43,5,26.62,133
10/10/2020,9:50:21,16.77,18.53,5.25,26.63,139.78
10/10/2020,9:50:33,16.75,18.49,5.15,26.62,137.03
10/10/2020,9:50:44,16.79,18.49,5.65,26.68,150.81
10/10/2020,9:50:57,16.77,18.47,5.15,26.62,137.06
10/10/2020,9:51:08,16.71,18.43,5,26.61,132.98
10/10/2020,9:51:21,16.69,18.47,5.3,26.61,141.01
10/10/2020,9:51:33,16.71,18.47,5.3,26.62,141.07
10/10/2020,9:51:44,16.75,18.41,5.75,26.65,153.32
10/10/2020,9:51:58,16.71,18.49,5.2,26.59,138.21
10/10/2020,9:52:10,16.77,18.59,5.65,26.65,150.63
10/10/2020,9:52:24,16.77,18.53,5.15,26.59,136.9
10/10/2020,9:52:36,16.77,18.49,5.25,26.61,139.7
10/10/2020,9:52:47,16.79,18.53,5.2,26.61,138.32
10/10/2020,9:52:58,16.81,18.49,5.2,26.62,138.41
10/10/2020,9:53:10,16.83,18.53,5.15,26.62,137.06
10/10/2020,9:53:21,16.85,18.49,5.15,26.64,137.15
10/10/2020,9:53:33,16.87,18.55,4.95,26.67,131.92
10/10/2020,9:53:44,16.93,18.53,5.1,26.68,136.02
10/10/2020,9:53:55,16.93,18.43,5,26.69,133.35
10/10/2020,9:54:07,16.97,18.49,5.1,26.72,136.21
10/10/2020,9:54:19,17.01,18.47,4.84,26.72,129.46
10/10/2020,9:54:30,16.99,18.47,4.84,26.74,129.54
10/10/2020,9:54:41,17.01,18.49,5.4,26.76,144.54
10/10/2020,9:55:04,16.97,18.47,4.84,26.76,129.64
10/10/2020,9:55:15,16.97,18.59,4.79,26.76,128.29
10/10/2020,9:55:27,16.97,18.53,4.84,26.76,129.67
10/10/2020,9:55:38,16.91,18.53,4.79,26.76,128.32
10/10/2020,9:55:50,16.93,18.43,5.4,26.79,144.68
10/10/2020,9:56:04,16.93,18.49,4.79,26.77,128.34
10/10/2020,9:56:15,16.99,18.63,4.79,26.76,128.32
10/10/2020,9:56:26,16.97,18.59,4.84,26.76,129.64
10/10/2020,9:56:38,16.97,18.59,4.84,26.76,129.67
10/10/2020,9:56:49,16.91,18.55,5.35,26.79,143.33
10/10/2020,9:57:18,16.89,18.55,5.25,26.78,140.57
10/10/2020,9:57:38,16.93,18.53,5.4,26.79,144.68
10/10/2020,9:57:53,16.93,18.49,4.74,26.78,127.04
10/10/2020,9:58:05,16.93,18.55,4.84,26.77,129.72
10/10/2020,9:58:23,16.91,18.53,5.25,26.77,140.54
10/10/2020,9:58:47,16.85,18.59,4.69,26.75,125.54
10/10/2020,9:58:59,16.83,18.59,4.84,26.74,129.57
10/10/2020,9:59:10,16.83,18.53,4.9,26.73,130.84
10/10/2020,9:59:22,16.83,18.55,5.65,26.76,151.26
10/10/2020,9:59:33,16.81,18.53,4.9,26.73,130.84
10/10/2020,9:59:44,16.85,18.55,5,26.71,133.46
10/10/2020,9:59:56,16.85,18.55,5.5,26.75,147.15
10/10/2020,10:00:12,16.89,18.55,4.9,26.7,130.73
10/10/2020,10:00:24,16.85,18.49,5.45,26.73,145.68
10/10/2020,10:00:35,16.87,18.55,5.15,26.68,137.34
10/10/2020,10:00:46,16.85,18.55,5.1,26.68,135.99
10/10/2020,10:01:02,16.85,18.63,4.9,26.67,130.58
10/10/2020,10:01:14,16.85,18.59,5.5,26.71,146.95
10/10/2020,10:01:33,16.91,18.59,5.65,26.72,151.02
10/10/2020,10:01:48,16.91,18.55,4.9,26.68,130.6
10/10/2020,10:01:59,16.91,18.59,5.1,26.68,136.02
10/10/2020,10:02:10,16.99,18.55,5.5,26.72,147
10/10/2020,10:02:22,17.01,18.55,5.1,26.69,136.05
10/10/2020,10:02:33,17.03,18.59,5.45,26.74,145.74
10/10/2020,10:02:50,17.07,18.59,5.05,26.69,134.7
10/10/2020,10:03:02,17.07,18.59,5.65,26.73,151.11
10/10/2020,10:03:15,17.07,18.63,5.55,26.74,148.44
10/10/2020,10:03:32,17.05,18.55,4.9,26.7,130.73
10/10/2020,10:03:43,17.03,18.69,5.4,26.72,144.31
10/10/2020,10:04:11,16.99,18.55,5.25,26.72,140.23
10/10/2020,10:04:33,17.01,18.55,5.5,26.73,147.06
10/10/2020,10:04:44,17.05,18.53,5.65,26.73,151.08
10/10/2020,10:04:54,17.05,18.53,5.6,26.73,149.76
10/10/2020,10:05:04,17.05,18.59,5.5,26.73,147.03
10/10/2020,10:05:15,17.05,18.65,5.7,26.72,152.37
10/10/2020,10:05:25,17.05,18.55,5.55,26.73,148.38
10/10/2020,10:05:35,17.01,18.59,5.6,26.74,149.82
10/10/2020,10:05:46,17.01,18.63,5.65,26.74,151.14
10/10/2020,10:05:56,16.99,18.65,5.5,26.74,147.09
10/10/2020,10:06:06,17.01,18.71,5.6,26.75,149.88
10/10/2020,10:06:17,16.97,18.59,5.45,26.75,145.83
10/10/2020,10:06:27,16.93,18.63,5.6,26.75,149.88
10/10/2020,10:06:37,16.93,18.63,5.55,26.76,148.56
10/10/2020,10:06:48,16.93,18.63,5.55,26.75,148.53
10/10/2020,10:06:58,16.99,18.69,5.5,26.75,147.18
10/10/2020,10:07:08,16.91,18.59,5.45,26.76,145.89
10/10/2020,10:07:19,16.93,18.65,5.2,26.77,139.16
10/10/2020,10:07:29,16.97,18.65,5.5,26.78,147.33
10/10/2020,10:07:39,16.99,18.69,5.5,26.78,147.33
10/10/2020,10:07:50,16.91,18.59,5.35,26.78,143.3
10/10/2020,10:08:00,16.93,18.63,5.35,26.79,143.33
10/10/2020,10:08:11,16.91,18.63,5.35,26.77,143.24
10/10/2020,10:08:21,16.91,18.59,5.4,26.77,144.59
10/10/2020,10:08:31,16.93,18.63,5.45,26.78,145.98
10/10/2020,10:08:42,16.89,18.59,5.4,26.79,144.68
10/10/2020,10:08:52,16.89,18.65,5.35,26.78,143.3
10/10/2020,10:09:02,16.91,18.59,5.25,26.79,140.62
10/10/2020,10:09:13,16.93,18.63,5.4,26.79,144.68
10/10/2020,10:09:23,16.93,18.65,5.35,26.79,143.33
10/10/2020,10:09:33,16.93,18.63,5.35,26.78,143.3
10/10/2020,10:09:44,16.93,18.65,5.4,26.79,144.68
10/10/2020,10:09:54,16.97,18.65,5.1,26.79,136.56
10/10/2020,10:10:04,16.99,18.65,5.4,26.79,144.68
10/10/2020,10:10:15,17.03,18.69,5.3,26.79,141.97
10/10/2020,10:10:25,17.01,18.55,5.4,26.79,144.68
10/10/2020,10:10:35,17.03,18.65,5.45,26.78,146
10/10/2020,10:10:46,17.03,18.71,5.25,26.79,140.62
10/10/2020,10:10:56,17.01,18.69,5.25,26.78,140.59
10/10/2020,10:11:06,17.01,18.69,5.45,26.76,145.89
10/10/2020,10:11:17,17.03,18.71,5.45,26.78,145.98
10/10/2020,10:11:27,17.03,18.71,5.45,26.77,145.92
10/10/2020,10:11:38,17.05,18.65,5.35,26.78,143.27
10/10/2020,10:11:48,17.05,18.59,5.35,26.77,143.24
10/10/2020,10:11:58,17.05,18.69,5.5,26.78,147.33
10/10/2020,10:12:09,17.05,18.65,5.5,26.77,147.27
10/10/2020,10:12:19,17.07,18.65,5.35,26.76,143.16
10/10/2020,10:12:29,17.07,18.59,5.4,26.77,144.59
10/10/2020,10:12:40,17.03,18.69,5.45,26.76,145.89
10/10/2020,10:12:50,17.03,18.69,5.45,26.75,145.83
10/10/2020,10:13:00,17.03,18.69,5.45,26.76,145.86
10/10/2020,10:13:11,17.01,18.71,5.5,26.75,147.18
10/10/2020,10:13:21,17.05,18.69,5.55,26.75,148.53
10/10/2020,10:13:31,17.07,18.69,5.6,26.75,149.85
10/10/2020,10:13:42,17.09,18.59,5.5,26.75,147.18
10/10/2020,10:13:52,17.07,18.63,5.55,26.77,148.62
10/10/2020,10:14:02,17.05,18.69,5.35,26.76,143.16
10/10/2020,10:14:13,17.09,18.65,5.25,26.77,140.54
10/10/2020,10:14:23,17.09,18.65,5.35,26.78,143.27
10/10/2020,10:14:33,17.09,18.59,5.45,26.77,145.92
10/10/2020,10:14:44,17.11,18.69,5.45,26.79,146.03
10/10/2020,10:14:54,17.07,18.81,5.45,26.79,146.03
10/10/2020,10:15:04,17.09,18.65,5.25,26.78,140.59
10/10/2020,10:15:15,17.09,18.71,5.4,26.79,144.68
10/10/2020,10:15:25,17.11,18.71,5.35,26.78,143.27
10/10/2020,10:15:36,17.07,18.63,5.5,26.79,147.39
10/10/2020,10:15:46,17.05,18.65,5.45,26.78,146
10/10/2020,10:15:56,17.05,18.65,5.35,26.78,143.27
10/10/2020,10:16:07,16.99,18.69,5.4,26.78,144.62
10/10/2020,10:16:17,16.99,18.75,5.4,26.78,144.65
10/10/2020,10:16:27,16.89,18.65,5.45,26.76,145.89
10/10/2020,10:16:38,16.79,18.63,5.45,26.76,145.89
10/10/2020,10:16:48,16.77,18.85,5.45,26.77,145.95
10/10/2020,10:16:58,16.77,18.85,5.25,26.75,140.43
10/10/2020,10:17:09,16.75,18.81,5.45,26.75,145.83
10/10/2020,10:17:19,16.75,18.75,5.5,26.76,147.21
10/10/2020,10:17:29,16.75,18.87,5.5,26.77,147.27
10/10/2020,10:17:40,16.75,18.81,5.5,26.76,147.21
10/10/2020,10:17:50,16.77,18.81,5.45,26.74,145.77
10/10/2020,10:18:00,16.77,18.71,5.55,26.75,148.53
10/10/2020,10:18:11,16.81,18.87,5.6,26.74,149.82
10/10/2020,10:18:21,16.83,18.75,5.45,26.76,145.89
10/10/2020,10:18:31,16.83,18.69,5.3,26.78,141.95
10/10/2020,10:18:42,16.83,18.91,5.25,26.78,140.57
10/10/2020,10:18:52,16.85,18.75,5.2,26.78,139.21
10/10/2020,10:19:03,16.89,18.71,5.25,26.78,140.57
10/10/2020,10:19:13,16.91,18.75,5.25,26.78,140.59
10/10/2020,10:19:23,16.93,18.63,5.35,26.79,143.33
10/10/2020,10:19:34,16.99,18.75,5.3,26.81,142.06
10/10/2020,10:19:44,17.01,18.71,5.25,26.8,140.65
10/10/2020,10:19:54,17.01,18.71,5.2,26.8,139.32
10/10/2020,10:20:05,17.01,18.69,5.1,26.81,136.67
10/10/2020,10:20:15,16.97,18.69,5.15,26.82,138.05
10/10/2020,10:20:25,16.97,18.79,5.15,26.83,138.14
10/10/2020,10:20:36,16.89,18.75,5,26.83,134.07
10/10/2020,10:20:46,16.91,18.75,5.05,26.83,135.43
10/10/2020,10:20:56,16.93,18.69,5.2,26.84,139.55
10/10/2020,10:21:07,16.91,18.75,5.25,26.85,140.93
10/10/2020,10:21:17,16.93,18.71,4.84,26.84,130.03
10/10/2020,10:21:27,16.91,18.71,5.15,26.83,138.14
10/10/2020,10:21:38,16.97,18.81,5.1,26.84,136.81
10/10/2020,10:21:48,16.93,18.71,5.1,26.84,136.81
10/10/2020,10:21:58,16.91,18.69,5.25,26.83,140.82
10/10/2020,10:22:09,16.97,18.65,5.15,26.81,138.03
10/10/2020,10:22:19,16.99,18.71,5.1,26.82,136.7
10/10/2020,10:22:30,16.97,18.69,5.2,26.81,139.35
10/10/2020,10:22:40,16.99,18.75,5.1,26.8,136.62
10/10/2020,10:22:50,16.99,18.71,5.25,26.8,140.68
10/10/2020,10:23:01,17.01,18.69,5.2,26.8,139.3
10/10/2020,10:23:11,16.99,18.69,5.1,26.79,136.56
10/10/2020,10:23:21,17.03,18.75,5.2,26.79,139.27
10/10/2020,10:23:32,17.03,18.71,5.45,26.79,146.03
10/10/2020,10:23:42,17.07,18.79,5.4,26.78,144.65
10/10/2020,10:23:52,17.07,18.75,5.4,26.79,144.68
10/10/2020,10:24:03,17.09,18.79,5.25,26.76,140.48
10/10/2020,10:24:13,17.11,18.71,5.35,26.76,143.16
10/10/2020,10:24:23,17.11,18.81,5.6,26.75,149.85
10/10/2020,10:24:34,17.13,18.63,5.45,26.74,145.77
10/10/2020,10:24:44,17.13,18.79,5.45,26.73,145.71
10/10/2020,10:24:54,17.11,18.85,5.7,26.73,152.46
10/10/2020,10:25:05,17.09,18.79,5.6,26.7,149.58
10/10/2020,10:25:15,17.11,18.75,5.6,26.69,149.52
10/10/2020,10:25:25,17.11,18.81,5.65,26.7,150.96
10/10/2020,10:25:36,17.11,18.75,5.6,26.68,149.49
10/10/2020,10:25:46,17.11,18.69,5.7,26.68,152.16
10/10/2020,10:25:56,17.13,18.75,5.7,26.69,152.22
10/10/2020,10:26:07,17.15,18.71,5.5,26.68,146.77
10/10/2020,10:26:17,17.15,18.79,5.75,26.68,153.5
10/10/2020,10:26:28,17.19,18.75,5.55,26.68,148.15
10/10/2020,10:26:38,17.21,18.69,5.75,26.69,153.57
10/10/2020,10:26:48,17.21,18.75,5.7,26.7,152.28
10/10/2020,10:26:59,17.19,18.71,5.5,26.7,146.89
10/10/2020,10:27:09,17.19,18.81,5.65,26.73,151.08
10/10/2020,10:27:19,17.21,18.71,5.7,26.73,152.46
10/10/2020,10:27:30,17.25,18.69,5.45,26.74,145.74
10/10/2020,10:27:40,17.19,18.75,5.45,26.76,145.86
10/10/2020,10:27:50,17.25,18.81,5.55,26.75,148.5
10/10/2020,10:28:01,17.23,18.75,5.45,26.76,145.86
10/10/2020,10:28:11,17.15,18.71,5.5,26.76,147.24
10/10/2020,10:28:21,17.09,18.71,5.2,26.75,139.07
10/10/2020,10:28:32,17.03,18.85,5.5,26.75,147.18
10/10/2020,10:28:42,16.97,18.81,5.6,26.74,149.82
10/10/2020,10:28:52,16.89,18.69,5.45,26.75,145.8
10/10/2020,10:29:03,16.83,18.97,5.55,26.74,148.47
10/10/2020,10:29:13,16.83,18.91,5.65,26.73,151.08
10/10/2020,10:29:23,16.83,18.91,5.6,26.72,149.67
10/10/2020,10:29:34,16.81,18.87,5.7,26.7,152.31
10/10/2020,10:29:44,16.81,18.87,5.8,26.68,154.88
10/10/2020,10:29:55,16.81,18.87,5.7,26.7,152.28
10/10/2020,10:30:05,16.83,18.95,5.65,26.69,150.87
10/10/2020,10:30:15,16.89,18.95,5.65,26.67,150.75
10/10/2020,10:30:26,16.91,18.85,5.6,26.66,149.37
10/10/2020,10:30:36,16.89,18.91,5.91,26.66,157.45
10/10/2020,10:30:46,16.97,18.81,5.75,26.64,153.26
10/10/2020,10:30:57,16.97,19.01,5.8,26.64,154.63
10/10/2020,10:31:07,17.03,18.79,5.65,26.66,150.72
10/10/2020,10:31:17,17.07,18.75,5.65,26.66,150.69
10/10/2020,10:31:28,17.07,18.79,5.86,26.65,156.04
10/10/2020,10:31:38,17.11,18.81,5.65,26.67,150.75
10/10/2020,10:31:48,17.09,18.81,5.65,26.65,150.66
10/10/2020,10:31:59,17.13,18.81,5.91,26.65,157.36
10/10/2020,10:32:09,17.15,18.81,5.65,26.66,150.69
10/10/2020,10:32:19,17.19,18.79,5.65,26.64,150.6
10/10/2020,10:32:30,17.19,18.85,5.8,26.65,154.67
10/10/2020,10:32:40,17.21,18.75,5.6,26.65,149.31
10/10/2020,10:32:50,17.23,18.87,5.75,26.63,153.23
10/10/2020,10:33:01,17.21,18.85,5.75,26.63,153.23
10/10/2020,10:33:11,17.21,18.85,5.8,26.64,154.6
10/10/2020,10:33:22,17.19,18.87,5.6,26.63,149.19
10/10/2020,10:35:59,16.93,19.03,6.11,26.79,163.62
10/10/2020,10:36:13,17.01,19.03,5.45,26.57,144.84
10/10/2020,10:36:24,17.03,18.85,5.5,26.56,146.12
10/10/2020,10:36:35,17.07,18.95,5.91,26.58,156.95
10/10/2020,10:37:04,17.13,18.87,6.21,26.58,165
10/10/2020,10:37:14,17.13,18.95,6.21,26.57,164.97
10/10/2020,10:37:33,17.15,18.85,5.75,26.57,152.89
10/10/2020,10:38:01,17.21,18.87,6.16,26.58,163.66
10/10/2020,10:38:22,17.19,18.87,6.06,26.53,160.71
10/10/2020,10:38:33,17.21,18.87,6.31,26.53,167.41
10/10/2020,10:38:47,17.21,18.87,6.26,26.54,166.11
10/10/2020,10:39:07,17.21,18.91,6.21,26.51,164.6
10/10/2020,10:39:36,17.19,18.87,6.26,26.52,165.97
10/10/2020,10:39:46,17.11,18.85,6.26,26.52,166.01
10/10/2020,10:40:00,17.09,18.91,6.26,26.53,166.04
10/10/2020,10:40:15,17.05,18.91,6.11,26.53,162.05
10/10/2020,10:40:35,17.05,19.03,6.16,26.52,163.33
10/10/2020,10:41:04,16.99,19.01,6.36,26.52,168.68
10/10/2020,10:41:23,16.97,19.07,6.16,26.53,163.36
10/10/2020,10:41:41,16.97,19.09,6.26,26.52,165.97
10/10/2020,10:41:56,16.93,19.03,6.21,26.53,164.73
10/10/2020,10:42:12,16.91,19.03,6.26,26.54,166.11
10/10/2020,10:42:31,16.97,19.03,6.21,26.52,164.67
10/10/2020,10:42:52,16.99,19.01,6.21,26.52,164.67
10/10/2020,10:43:10,17.03,19.09,6.31,26.51,167.28
10/10/2020,10:43:27,17.05,19.03,6.11,26.55,162.18
10/10/2020,10:43:40,17.11,18.97,5.65,26.5,149.78
10/10/2020,10:43:52,17.15,18.97,6.16,26.52,163.29
10/10/2020,10:44:09,17.19,18.97,5.86,26.49,155.07
10/10/2020,10:44:28,17.15,18.97,6.26,26.52,165.97
10/10/2020,10:44:49,17.15,19.01,6.26,26.5,165.84
10/10/2020,10:45:00,17.19,18.91,6.31,26.52,167.35
10/10/2020,10:45:19,17.19,18.95,6.21,26.5,164.53
10/10/2020,10:45:31,17.23,18.95,6.11,26.52,161.99
10/10/2020,10:45:43,17.23,18.95,5.8,26.49,153.77
10/10/2020,10:45:55,17.23,18.91,5.65,26.5,149.81
10/10/2020,10:46:06,17.23,18.97,5.55,26.5,147.14
10/10/2020,10:46:18,17.23,18.97,6.11,26.53,162.05
10/10/2020,10:46:33,17.21,18.91,6.21,26.53,164.73
10/10/2020,10:46:54,17.21,18.97,6.36,26.51,168.62
10/10/2020,10:47:10,17.19,19.03,6.26,26.51,165.94
10/10/2020,10:47:24,17.13,19.03,5.55,26.46,146.93
10/10/2020,10:47:39,17.13,19.01,6.46,26.5,171.19
10/10/2020,10:47:57,17.13,19.07,6.31,26.46,166.97
10/10/2020,10:48:13,17.11,19.13,6.51,26.45,172.22
10/10/2020,10:48:26,17.09,19.07,6.56,26.42,173.38
10/10/2020,10:48:47,17.07,19.09,6.61,26.41,174.64
10/10/2020,10:48:57,17.09,19.03,6.51,26.41,171.97
10/10/2020,10:49:08,17.09,19.17,6.71,26.39,177.16
10/10/2020,10:49:18,17.11,19.13,6.51,26.38,171.8
10/10/2020,10:49:32,17.11,19.09,6.46,26.36,170.33
10/10/2020,10:49:43,17.13,19.01,6.71,26.37,177.05
10/10/2020,10:49:56,17.15,19.09,6.21,26.36,163.67
10/10/2020,10:50:07,17.19,19.07,6.76,26.36,178.31
10/10/2020,10:50:35,17.23,19.03,6.66,26.36,175.65
10/10/2020,10:50:59,17.19,19.07,6.61,26.36,174.32
10/10/2020,10:51:09,17.19,19.13,7.12,26.34,187.44
10/10/2020,10:51:20,17.19,19.19,6.76,26.35,178.24
10/10/2020,10:51:37,17.11,19.09,7.07,26.35,186.19
10/10/2020,10:51:51,17.13,19.19,6.56,26.3,172.57
10/10/2020,10:52:11,17.11,19.19,6.92,26.31,181.94
10/10/2020,10:52:22,17.09,19.19,7.17,26.3,188.54
10/10/2020,10:52:37,17.09,19.17,7.22,26.28,189.68
10/10/2020,10:52:47,17.13,19.23,7.02,26.27,184.3
10/10/2020,10:53:01,17.11,19.19,6.76,26.21,177.3
10/10/2020,10:53:29,17.15,19.19,7.47,26.21,195.83
10/10/2020,10:53:39,17.13,19.19,7.47,26.2,195.71
10/10/2020,10:53:50,17.11,19.13,7.52,26.19,196.96
10/10/2020,10:54:00,17.19,19.23,7.37,26.2,193.07
10/10/2020,10:54:10,17.19,19.13,7.37,26.15,192.71
10/10/2020,10:54:21,17.21,19.07,7.57,26.15,197.99
10/10/2020,10:54:31,17.25,19.13,7.62,26.16,199.44
10/10/2020,10:54:41,17.29,19.17,7.67,26.15,200.68
10/10/2020,10:54:52,17.31,19.17,9.84,26.2,257.89
10/10/2020,10:55:02,17.27,19.19,7.72,26.14,201.91
10/10/2020,10:55:17,17.25,19.29,7.57,26.14,197.91
10/10/2020,10:55:27,17.29,19.23,7.62,26.12,199.11
10/10/2020,10:55:41,17.27,19.09,7.17,26.09,187.05
10/10/2020,10:55:55,17.31,19.19,7.52,26.11,196.39
10/10/2020,10:56:18,17.33,19.17,7.87,26.11,205.62
10/10/2020,10:56:28,17.33,19.19,7.67,26.09,200.23
10/10/2020,10:56:42,17.37,19.19,7.17,26.06,186.78
10/10/2020,10:56:56,17.35,19.19,7.87,26.09,205.5
10/10/2020,10:57:07,17.35,19.23,7.82,26.09,204.14
10/10/2020,10:57:24,17.37,19.17,7.67,26.09,200.18
10/10/2020,10:57:34,17.37,19.23,7.77,26.08,202.78
10/10/2020,10:57:46,17.41,19.23,7.82,26.08,204.09
10/10/2020,10:58:01,17.37,19.23,8.03,26.08,209.36
10/10/2020,10:58:14,17.35,19.33,7.87,26.08,205.41
10/10/2020,10:58:43,17.31,19.25,7.12,26.08,185.62
10/10/2020,10:58:53,17.29,19.35,7.22,26.1,188.4
10/10/2020,10:59:07,17.27,19.29,7.62,26.14,199.23
10/10/2020,10:59:24,17.27,19.33,7.67,26.14,200.59
10/10/2020,10:59:36,17.27,19.41,7.42,26.15,194.07
10/10/2020,10:59:51,17.33,19.33,7.57,26.18,198.2
10/10/2020,11:00:01,17.33,19.19,7.27,26.17,190.23
10/10/2020,11:00:13,17.41,19.41,7.02,26.15,183.51
10/10/2020,11:00:25,17.47,19.25,7.42,26.2,194.43
10/10/2020,11:00:36,17.47,19.25,7.42,26.22,194.55
10/10/2020,11:01:01,17.53,19.25,7.32,26.26,192.18
10/10/2020,11:01:11,17.55,19.23,7.42,26.26,194.83
10/10/2020,11:01:22,17.53,19.23,7.27,26.28,191.01
10/10/2020,11:01:32,17.53,19.23,7.27,26.28,191.04
10/10/2020,11:01:42,17.57,19.25,7.32,26.28,192.33
10/10/2020,11:01:53,17.53,19.25,7.27,26.26,190.89
10/10/2020,11:02:03,17.53,19.25,7.12,26.25,186.83
10/10/2020,11:02:13,17.55,19.23,7.32,26.24,192.06
10/10/2020,11:02:24,17.55,19.35,7.27,26.25,190.81
10/10/2020,11:02:34,17.51,19.25,7.52,26.21,197.16
10/10/2020,11:02:44,17.55,19.35,7.37,26.21,193.19
10/10/2020,11:02:55,17.53,19.25,7.52,26.2,197.04
10/10/2020,11:03:05,17.49,19.29,7.47,26.18,195.59
10/10/2020,11:03:16,17.51,19.33,7.52,26.15,196.71
10/10/2020,11:03:26,17.47,19.25,7.67,26.14,200.59
10/10/2020,11:03:36,17.45,19.45,7.72,26.14,201.87
10/10/2020,11:03:47,17.41,19.47,7.77,26.14,203.19
10/10/2020,11:03:57,17.35,19.39,7.52,26.12,196.47
10/10/2020,11:04:07,17.29,19.35,7.77,26.1,202.9
10/10/2020,11:04:18,17.29,19.41,7.72,26.09,201.5
10/10/2020,11:04:28,17.29,19.39,7.98,26.09,208.13
10/10/2020,11:04:38,17.25,19.51,7.72,26.09,201.5
10/10/2020,11:04:49,17.21,19.45,7.87,26.07,205.33
10/10/2020,11:04:59,17.19,19.51,7.93,26.07,206.64
10/10/2020,11:05:09,17.19,19.47,8.03,26.07,209.28
10/10/2020,11:05:20,17.15,19.47,7.87,26.06,205.24
10/10/2020,11:05:30,17.19,19.57,7.87,26.09,205.45
10/10/2020,11:05:40,17.19,19.51,7.93,26.07,206.64
10/10/2020,11:05:51,17.21,19.47,7.87,26.08,205.37
10/10/2020,11:06:01,17.23,19.55,7.98,26.07,207.96
10/10/2020,11:06:11,17.25,19.57,7.93,26.08,206.73
10/10/2020,11:06:22,17.27,19.47,7.93,26.08,206.73
10/10/2020,11:06:32,17.25,19.45,7.82,26.09,204.14
10/10/2020,11:06:42,17.27,19.45,7.87,26.08,205.41
10/10/2020,11:06:53,17.27,19.51,7.87,26.07,205.29
10/10/2020,11:07:03,17.27,19.47,7.93,26.08,206.73
10/10/2020,11:07:14,17.27,19.55,7.87,26.07,205.33
10/10/2020,11:07:24,17.27,19.61,7.93,26.05,206.48
10/10/2020,11:07:34,17.29,19.57,7.93,26.07,206.64
10/10/2020,11:07:45,17.31,19.51,7.93,26.07,206.6
10/10/2020,11:07:55,17.29,19.47,7.93,26.05,206.48
10/10/2020,11:08:05,17.27,19.57,7.82,26.05,203.84
10/10/2020,11:08:16,17.31,19.57,7.98,26.05,207.79
10/10/2020,11:08:26,17.31,19.61,7.98,26.06,207.83
10/10/2020,11:08:36,17.27,19.55,7.93,26.05,206.48
10/10/2020,11:08:47,17.31,19.57,8.08,26.06,210.51
10/10/2020,11:08:57,17.31,19.63,7.98,26.05,207.79
10/10/2020,11:09:07,17.29,19.61,8.03,26.06,209.19
10/10/2020,11:09:18,17.29,19.51,7.87,26.08,205.37
10/10/2020,11:09:28,17.31,19.61,7.93,26.07,206.64
10/10/2020,11:09:38,17.33,19.61,8.03,26.06,209.19
10/10/2020,11:09:49,17.35,19.51,7.87,26.07,205.33
10/10/2020,11:09:59,17.35,19.55,7.98,26.08,208.05
10/10/2020,11:10:09,17.33,19.61,7.93,26.08,206.69
10/10/2020,11:10:20,17.35,19.57,7.93,26.08,206.69
10/10/2020,11:10:30,17.33,19.61,7.93,26.08,206.69
10/10/2020,11:10:41,17.31,19.57,7.93,26.05,206.48
10/10/2020,11:10:51,17.35,19.63,8.03,26.08,209.32
10/10/2020,11:11:01,17.31,19.61,7.87,26.08,205.37
10/10/2020,11:11:12,17.31,19.63,7.87,26.07,205.33
10/10/2020,11:11:22,17.31,19.61,7.87,26.07,205.29
10/10/2020,11:11:32,17.29,19.61,7.87,26.06,205.2
10/10/2020,11:11:43,17.29,19.57,8.03,26.05,209.06
10/10/2020,11:11:53,17.29,19.61,7.87,26.04,205.08
10/10/2020,11:12:03,17.29,19.57,7.87,26.05,205.16
10/10/2020,11:12:14,17.29,19.63,8.08,26.04,210.34
10/10/2020,11:12:24,17.31,19.61,8.08,26.06,210.47
10/10/2020,11:12:34,17.31,19.71,8.08,26.04,210.29
10/10/2020,11:12:45,17.31,19.71,7.98,26.04,207.66
10/10/2020,11:12:55,17.35,19.63,8.08,26.05,210.38
10/10/2020,11:13:05,17.41,19.73,8.03,26.03,208.93
10/10/2020,11:13:16,17.47,19.71,8.13,26.03,211.56
10/10/2020,11:13:26,17.45,19.63,7.93,26.05,206.43
10/10/2020,11:13:36,17.51,19.67,8.13,26.06,211.82
10/10/2020,11:13:47,17.53,19.61,7.98,26.06,207.83
10/10/2020,11:13:57,17.55,19.67,8.08,26.05,210.42
10/10/2020,11:14:08,17.55,19.67,7.93,26.04,206.35
10/10/2020,11:14:18,17.59,19.63,7.93,26.07,206.64
10/10/2020,11:14:28,17.57,19.61,7.87,26.07,205.29
10/10/2020,11:14:39,17.65,19.67,7.93,26.08,206.69
10/10/2020,11:14:49,17.65,19.63,7.77,26.06,202.61
10/10/2020,11:14:59,17.65,19.63,7.98,26.06,207.88
10/10/2020,11:15:10,17.63,19.67,8.03,26.05,209.11
10/10/2020,11:15:20,17.67,19.71,7.93,26.07,206.64
10/10/2020,11:15:30,17.65,19.71,7.98,26.07,207.92
10/10/2020,11:15:41,17.63,19.63,8.08,26.08,210.64
10/10/2020,11:15:51,17.63,19.55,7.87,26.06,205.24
10/10/2020,11:16:01,17.63,19.61,7.93,26.05,206.48
10/10/2020,11:16:12,17.57,19.67,7.93,26.05,206.43
10/10/2020,11:16:22,17.55,19.67,8.03,26.05,209.06
10/10/2020,11:16:32,17.53,19.73,8.13,26.04,211.65
10/10/2020,11:16:43,17.51,19.67,8.03,26.04,208.98
10/10/2020,11:16:53,17.53,19.77,8.08,26.04,210.29
10/10/2020,11:17:03,17.51,19.73,8.08,26.02,210.16
10/10/2020,11:17:14,17.53,19.63,8.13,26.02,211.48
10/10/2020,11:17:24,17.55,19.73,8.08,26.04,210.34
10/10/2020,11:17:34,17.55,19.73,8.03,26.01,208.81
10/10/2020,11:17:45,17.53,19.79,8.08,26.02,210.16
10/10/2020,11:17:55,17.51,19.77,8.13,26.03,211.52
10/10/2020,11:18:06,17.53,19.77,8.18,26,212.66
10/10/2020,11:18:16,17.53,19.73,8.23,26,213.93
10/10/2020,11:18:26,17.53,19.77,8.23,26,213.93
10/10/2020,11:18:37,17.53,19.73,8.23,26,213.97
10/10/2020,11:18:47,17.55,19.83,8.18,25.99,212.53
10/10/2020,11:18:57,17.57,19.79,8.28,26,215.24
10/10/2020,11:19:08,17.59,19.77,8.08,25.99,209.9
10/10/2020,11:19:18,17.63,19.71,8.28,25.97,215.02
10/10/2020,11:19:28,17.65,19.77,8.28,25.97,215.02
10/10/2020,11:19:39,17.69,19.77,8.33,25.97,216.33
10/10/2020,11:19:49,17.65,19.73,8.28,25.96,214.93
10/10/2020,11:19:59,17.65,19.83,8.03,25.94,208.25
10/10/2020,11:20:10,17.69,19.87,8.43,25.95,218.77
10/10/2020,11:20:20,17.67,19.79,8.28,25.94,214.8
10/10/2020,11:20:30,17.69,19.73,8.33,25.93,216.02
10/10/2020,11:20:41,17.69,19.73,8.43,25.94,218.68
10/10/2020,11:20:51,17.69,19.83,8.43,25.93,218.64
10/10/2020,11:21:01,17.77,19.83,8.48,25.94,220.04
10/10/2020,11:21:12,17.77,19.79,8.48,25.94,220.04
10/10/2020,11:21:22,17.79,19.83,8.48,25.94,219.99
10/10/2020,11:21:33,17.81,19.73,8.48,25.94,219.99
10/10/2020,11:21:43,17.83,19.77,8.38,25.94,217.37
10/10/2020,11:21:53,17.81,19.87,8.43,25.93,218.64
10/10/2020,11:22:04,17.83,19.71,8.48,25.93,219.95
10/10/2020,11:22:14,17.87,19.79,8.43,25.94,218.68
10/10/2020,11:22:24,17.79,19.73,8.43,25.94,218.68
10/10/2020,11:22:35,17.79,19.89,8.53,25.94,221.35
10/10/2020,11:22:45,17.71,19.93,8.13,25.95,210.91
10/10/2020,11:22:55,17.71,19.89,8.38,25.96,217.51
10/10/2020,11:23:06,17.69,19.89,8.18,25.96,212.31
10/10/2020,11:23:16,17.71,19.99,8.43,25.96,218.86
10/10/2020,11:23:26,17.65,19.83,8.13,25.98,211.13
10/10/2020,11:23:37,17.67,19.95,8.23,25.99,213.84
10/10/2020,11:23:47,17.69,19.95,8.28,25.99,215.15
10/10/2020,11:23:57,17.65,19.95,8.13,26,211.3
10/10/2020,11:24:08,17.69,19.95,8.33,25.99,216.47
10/10/2020,11:24:18,17.65,19.87,8.28,25.99,215.2
10/10/2020,11:24:28,17.65,19.93,8.18,25.99,212.53
10/10/2020,11:24:39,17.59,19.89,8.33,25.99,216.47
10/10/2020,11:24:49,17.57,19.89,8.13,25.97,211.09
10/10/2020,11:25:00,17.59,19.95,8.28,25.96,214.93
10/10/2020,11:25:10,17.59,19.89,8.23,25.97,213.71
10/10/2020,11:25:20,17.55,19.95,8.28,25.97,214.98
10/10/2020,11:25:31,17.53,20.01,8.48,25.99,220.4
10/10/2020,11:25:41,17.55,19.95,8.38,25.98,217.69
10/10/2020,11:25:51,17.55,19.95,8.38,25.98,217.69
10/10/2020,11:26:02,17.55,19.89,8.33,25.97,216.33
10/10/2020,11:26:12,17.55,19.93,8.18,25.96,212.27
10/10/2020,11:26:22,17.49,19.95,8.33,25.98,216.38
10/10/2020,11:26:33,17.47,20.05,8.08,25.99,209.9
10/10/2020,11:26:43,17.47,20.05,8.28,25.97,214.98
10/10/2020,11:26:53,17.45,19.99,8.38,25.99,217.78
10/10/2020,11:27:04,17.41,19.95,8.38,25.98,217.73
10/10/2020,11:27:14,17.43,20.09,8.48,25.97,220.27
10/10/2020,11:27:24,17.45,20.01,8.18,25.99,212.53
10/10/2020,11:27:35,17.47,20.05,8.43,25.99,219.09
10/10/2020,11:27:45,17.47,20.05,8.28,25.98,215.11
10/10/2020,11:27:55,17.49,20.11,8.33,25.97,216.29
10/10/2020,11:28:06,17.51,20.01,8.48,25.97,220.27
10/10/2020,11:28:16,17.49,20.11,8.48,25.97,220.27
10/10/2020,11:28:26,17.51,20.05,8.33,25.96,216.2
10/10/2020,11:28:37,17.53,20.09,8.43,25.94,218.73
10/10/2020,11:28:47,17.53,20.09,8.48,25.94,220.04
10/10/2020,11:28:58,17.51,20.05,8.63,25.93,223.88
10/10/2020,11:29:08,17.47,19.99,8.58,25.93,222.57
10/10/2020,11:29:18,17.43,20.09,8.58,25.93,222.57
10/10/2020,11:29:29,17.41,20.05,8.58,25.93,222.52
10/10/2020,11:29:39,17.37,20.17,8.48,25.92,219.86
10/10/2020,11:29:49,17.41,20.17,8.78,25.92,227.67
10/10/2020,11:30:00,17.43,20.17,8.68,25.92,225.09
10/10/2020,11:30:10,17.45,20.21,8.73,25.93,226.45
10/10/2020,11:30:20,17.51,20.15,8.68,25.91,224.96
10/10/2020,11:30:31,17.53,20.17,8.63,25.92,223.74
10/10/2020,11:30:41,17.53,20.15,8.73,25.92,226.36
10/10/2020,11:30:51,17.57,20.15,8.53,25.93,221.21
10/10/2020,11:31:02,17.63,20.11,8.83,25.93,229.07
10/10/2020,11:31:12,17.69,20.11,8.63,25.93,223.83
10/10/2020,11:31:22,17.67,20.21,8.73,25.92,226.4
10/10/2020,11:31:33,17.69,20.05,8.63,25.93,223.88
10/10/2020,11:31:43,17.69,20.11,8.68,25.93,225.19
10/10/2020,11:31:54,17.67,20.15,8.08,25.91,209.3
10/10/2020,11:32:09,17.69,20.05,8.18,25.91,211.92
10/10/2020,11:32:37,17.77,20.17,8.68,25.93,225.19
10/10/2020,11:32:47,17.79,20.11,8.73,25.94,226.54
10/10/2020,11:32:58,17.83,20.09,8.63,25.93,223.88
10/10/2020,11:33:08,17.83,20.09,8.68,25.93,225.19
10/10/2020,11:33:19,17.83,20.11,8.68,25.93,225.19
10/10/2020,11:33:29,17.87,20.15,8.68,25.93,225.19
10/10/2020,11:33:39,17.83,20.11,8.68,25.93,225.19
10/10/2020,11:33:50,17.79,20.09,8.48,25.93,219.9
10/10/2020,11:34:00,17.77,20.05,8.73,25.96,226.68
10/10/2020,11:34:10,17.73,20.21,8.78,25.93,227.81
10/10/2020,11:34:21,17.71,20.33,8.68,25.93,225.19
10/10/2020,11:34:31,17.75,20.27,8.63,25.93,223.88
10/10/2020,11:34:41,17.73,20.17,8.83,25.93,229.12
10/10/2020,11:34:52,17.73,20.17,8.53,25.92,221.12
10/10/2020,11:35:02,17.75,20.17,8.78,25.93,227.81
10/10/2020,11:35:12,17.77,20.17,8.78,25.93,227.81
10/10/2020,11:35:23,17.73,20.27,8.63,25.93,223.88
10/10/2020,11:35:33,17.73,20.31,8.63,25.93,223.88
10/10/2020,11:35:43,17.73,20.31,8.53,25.93,221.21
10/10/2020,11:35:54,17.75,20.21,8.68,25.93,225.19
10/10/2020,11:36:04,17.75,20.27,8.63,25.93,223.88
10/10/2020,11:36:14,17.71,20.27,8.53,25.93,221.26
10/10/2020,11:36:25,17.75,20.17,8.68,25.93,225.14
10/10/2020,11:36:35,17.77,20.31,8.83,25.93,229.12
10/10/2020,11:36:46,17.77,20.23,8.58,25.93,222.57
10/10/2020,11:36:56,17.81,20.23,8.43,25.93,218.64
10/10/2020,11:37:06,17.83,20.27,8.53,25.93,221.26
10/10/2020,11:37:17,17.87,20.33,8.53,25.93,221.26
10/10/2020,11:37:27,17.81,20.27,8.68,25.93,225.19
10/10/2020,11:37:37,17.87,20.31,8.63,25.93,223.88
10/10/2020,11:37:48,17.89,20.27,8.48,25.93,219.95
10/10/2020,11:37:58,17.91,20.33,8.68,25.93,225.19
10/10/2020,11:38:08,17.95,20.23,8.48,25.93,219.95
10/10/2020,11:38:19,17.99,20.27,8.68,25.93,225.14
10/10/2020,11:38:29,18.03,20.31,8.48,25.94,219.99
10/10/2020,11:38:39,18.05,20.23,8.58,25.93,222.57
10/10/2020,11:38:50,18.09,20.33,8.58,25.94,222.66
10/10/2020,11:39:00,18.11,20.31,8.48,25.94,220.04
10/10/2020,11:39:10,18.15,20.37,8.43,25.97,218.95
10/10/2020,11:39:21,18.15,20.31,8.28,25.97,215.02
10/10/2020,11:39:31,18.11,20.31,8.28,25.98,215.11
10/10/2020,11:39:41,18.11,20.27,8.33,26,216.6
10/10/2020,11:39:52,18.13,20.37,8.28,25.99,215.15
10/10/2020,11:40:02,18.15,20.33,8.28,26.04,215.55
10/10/2020,11:40:13,18.15,20.33,8.28,26.03,215.46
10/10/2020,11:40:23,18.09,20.33,8.18,26.05,213.05
10/10/2020,11:40:33,18.09,20.33,8.18,26.07,213.23
10/10/2020,11:40:44,18.05,20.31,7.82,26.09,204.14
10/10/2020,11:40:54,18.03,20.33,8.03,26.09,209.41
10/10/2020,11:41:04,18.03,20.33,8.03,26.11,209.58
10/10/2020,11:41:15,17.99,20.27,7.82,26.13,204.43
10/10/2020,11:41:25,17.93,20.33,7.93,26.14,207.15
10/10/2020,11:41:35,17.87,20.33,7.87,26.15,205.92
10/10/2020,11:41:46,17.79,20.39,7.72,26.15,202
10/10/2020,11:41:56,17.79,20.43,7.82,26.16,204.68
10/10/2020,11:42:06,17.75,20.43,7.82,26.16,204.68
10/10/2020,11:42:17,17.77,20.37,7.67,26.16,200.76
10/10/2020,11:42:27,17.79,20.43,7.67,26.16,200.76
10/10/2020,11:42:37,17.79,20.37,7.77,26.16,203.4
10/10/2020,11:42:48,17.81,20.55,7.77,26.18,203.48
10/10/2020,11:42:58,17.81,20.37,7.67,26.17,200.8
10/10/2020,11:43:08,17.81,20.45,7.82,26.17,204.76
10/10/2020,11:43:19,17.81,20.43,7.82,26.16,204.68
10/10/2020,11:43:29,17.79,20.45,7.82,26.15,204.6
10/10/2020,11:43:39,17.79,20.45,7.67,26.15,200.64
10/10/2020,11:43:50,17.79,20.39,7.93,26.14,207.2
10/10/2020,11:44:00,17.83,20.43,7.67,26.13,200.51
10/10/2020,11:44:11,17.87,20.45,7.67,26.14,200.59
10/10/2020,11:44:21,17.89,20.43,7.82,26.12,204.35
10/10/2020,11:44:31,17.89,20.31,7.98,26.13,208.39
10/10/2020,11:44:42,17.93,20.45,7.98,26.14,208.47
10/10/2020,11:44:52,17.95,20.49,7.98,26.11,208.26
10/10/2020,11:45:02,17.97,20.39,8.03,26.1,209.49
10/10/2020,11:45:13,18.01,20.39,7.93,26.1,206.86
10/10/2020,11:45:23,18.03,20.39,7.93,26.1,206.86
10/10/2020,11:45:33,18.05,20.43,8.08,26.07,210.59
10/10/2020,11:45:44,18.09,20.39,8.03,26.08,209.36
10/10/2020,11:45:54,18.13,20.43,8.13,26.08,211.95
10/10/2020,11:46:04,18.15,20.39,8.13,26.06,211.78
10/10/2020,11:46:15,18.15,20.43,8.13,26.08,212
10/10/2020,11:46:25,18.15,20.55,7.98,26.05,207.75
10/10/2020,11:46:35,18.15,20.45,8.03,26.05,209.11
10/10/2020,11:46:46,18.15,20.43,8.13,26.05,211.74
10/10/2020,11:46:56,18.13,20.43,7.98,26.04,207.71
10/10/2020,11:47:06,18.15,20.43,8.28,26.06,215.73
10/10/2020,11:47:17,18.13,20.49,8.13,26.05,211.69
10/10/2020,11:47:27,18.15,20.55,8.28,26.04,215.6
10/10/2020,11:47:38,18.17,20.45,8.08,26.04,210.29
10/10/2020,11:47:48,18.17,20.49,8.18,26.06,213.14
10/10/2020,11:47:58,18.15,20.39,8.13,26.08,212
10/10/2020,11:48:09,18.13,20.49,7.98,26.06,207.88
10/10/2020,11:48:19,18.09,20.51,8.18,26.07,213.23
10/10/2020,11:48:29,18.09,20.49,8.08,26.11,210.85
10/10/2020,11:48:40,18.09,20.65,7.93,26.12,206.98
10/10/2020,11:48:50,18.09,20.51,7.93,26.13,207.07
10/10/2020,11:49:00,18.03,20.45,7.93,26.14,207.2
10/10/2020,11:49:11,18.03,20.55,7.93,26.14,207.15
10/10/2020,11:49:21,18.01,20.55,8.08,26.15,211.2
10/10/2020,11:49:31,18.01,20.55,7.87,26.15,205.96
10/10/2020,11:49:42,17.97,20.51,7.72,26.16,202.08
10/10/2020,11:49:52,17.99,20.55,7.82,26.17,204.76
10/10/2020,11:50:02,17.95,20.51,7.72,26.17,202.12
10/10/2020,11:50:13,17.93,20.51,7.77,26.19,203.57
10/10/2020,11:50:23,17.89,20.51,7.82,26.19,204.93
10/10/2020,11:50:33,17.89,20.59,7.77,26.19,203.61
10/10/2020,11:50:44,17.87,20.51,7.87,26.19,206.25
10/10/2020,11:50:54,17.91,20.67,7.67,26.19,200.92
10/10/2020,11:51:04,17.91,20.55,7.72,26.2,202.37
10/10/2020,11:51:15,17.95,20.59,7.82,26.2,204.97
10/10/2020,11:51:25,17.97,20.55,7.62,26.19,199.6
10/10/2020,11:51:36,17.95,20.49,7.67,26.19,200.96
10/10/2020,11:51:46,17.91,20.55,7.67,26.2,201.05
10/10/2020,11:51:56,17.93,20.65,7.67,26.2,201.01
10/10/2020,11:52:07,17.89,20.67,7.72,26.2,202.33
10/10/2020,11:52:17,17.95,20.65,7.67,26.19,200.96
10/10/2020,11:52:27,17.95,20.55,7.67,26.21,201.09
10/10/2020,11:52:38,17.97,20.67,7.62,26.2,199.68
10/10/2020,11:52:48,17.95,20.55,7.77,26.2,203.65
10/10/2020,11:52:58,17.99,20.61,7.67,26.19,200.92
10/10/2020,11:53:09,18.01,20.61,7.82,26.19,204.89
10/10/2020,11:53:19,18.03,20.61,7.72,26.18,202.16
10/10/2020,11:53:29,18.03,20.61,7.82,26.19,204.89
10/10/2020,11:53:40,18.05,20.65,7.87,26.18,206.13
10/10/2020,11:53:50,18.11,20.61,7.72,26.18,202.16
10/10/2020,11:54:00,18.11,20.65,7.87,26.16,206.04
10/10/2020,11:54:11,18.11,20.59,7.82,26.16,204.68
10/10/2020,11:54:21,18.13,20.61,7.87,26.16,206
10/10/2020,11:54:31,18.15,20.61,7.67,26.16,200.76
10/10/2020,11:54:42,18.19,20.65,7.67,26.15,200.64
10/10/2020,11:54:52,18.15,20.55,7.82,26.16,204.72
10/10/2020,11:55:03,18.19,20.61,7.82,26.15,204.6
10/10/2020,11:55:13,18.19,20.61,8.03,26.15,209.88
10/10/2020,11:55:23,18.15,20.59,7.98,26.15,208.56
10/10/2020,11:55:34,18.15,20.67,7.93,26.14,207.15
10/10/2020,11:55:44,18.13,20.59,7.87,26.15,205.92
10/10/2020,11:55:54,18.11,20.65,8.03,26.14,209.84
10/10/2020,11:56:05,18.05,20.65,7.77,26.13,203.15
10/10/2020,11:56:15,17.99,20.61,7.98,26.13,208.43
10/10/2020,11:56:25,18.01,20.77,8.08,26.15,211.2
10/10/2020,11:56:36,18.01,20.65,7.72,26.13,201.79
10/10/2020,11:56:46,18.05,20.73,7.82,26.13,204.43
10/10/2020,11:56:56,18.03,20.65,7.87,26.14,205.83
10/10/2020,11:57:07,18.03,20.67,7.93,26.14,207.15
10/10/2020,11:57:17,18.09,20.67,7.87,26.14,205.83
10/10/2020,11:57:27,18.05,20.71,7.98,26.13,208.43
10/10/2020,11:57:38,18.09,20.71,7.98,26.14,208.52
10/10/2020,11:57:48,18.11,20.65,7.98,26.13,208.39
10/10/2020,11:57:58,18.11,20.67,7.98,26.14,208.47
10/10/2020,11:58:09,18.19,20.73,7.93,26.14,207.2
10/10/2020,11:58:19,18.19,20.65,8.03,26.14,209.84
10/10/2020,11:58:30,18.23,20.65,7.82,26.14,204.56
10/10/2020,11:58:40,18.25,20.71,7.98,26.12,208.35
10/10/2020,11:58:50,18.31,20.71,7.87,26.15,205.96
10/10/2020,11:59:01,18.33,20.67,7.72,26.14,201.91
10/10/2020,11:59:11,18.31,20.67,8.08,26.14,211.11
10/10/2020,11:59:21,18.27,20.67,7.93,26.14,207.15
10/10/2020,11:59:32,18.31,20.73,7.93,26.13,207.11
10/10/2020,11:59:42,18.27,20.67,7.82,26.13,204.47
10/10/2020,11:59:52,18.25,20.73,8.13,26.13,212.35
10/10/2020,12:00:03,18.25,20.65,8.03,26.12,209.66
10/10/2020,12:00:13,18.21,20.61,7.87,26.11,205.58
10/10/2020,12:00:23,18.19,20.81,7.93,26.13,207.07
10/10/2020,12:00:34,18.17,20.77,8.08,26.09,210.77
10/10/2020,12:00:44,18.15,20.73,8.08,26.09,210.77
10/10/2020,12:00:54,18.17,20.73,8.18,26.09,213.4
10/10/2020,12:01:05,18.17,20.83,8.13,26.08,212
10/10/2020,12:01:15,18.15,20.73,7.98,26.09,208.09
10/10/2020,12:01:25,18.15,20.81,8.08,26.08,210.64
10/10/2020,12:01:36,18.13,20.73,8.23,26.05,214.37
10/10/2020,12:01:46,18.17,20.87,8.08,26.06,210.51
10/10/2020,12:01:57,18.15,20.83,8.18,26.07,213.18
10/10/2020,12:02:07,18.21,20.83,8.28,26.06,215.77
10/10/2020,12:02:17,18.23,20.81,8.18,26.05,213.05
10/10/2020,12:02:28,18.21,20.81,8.23,26.03,214.19
10/10/2020,12:02:38,18.21,20.83,8.33,26.04,216.91
10/10/2020,12:02:48,18.27,20.81,8.23,26.05,214.32
10/10/2020,12:02:59,18.23,20.81,8.28,26.03,215.51
10/10/2020,12:03:09,18.31,20.77,8.33,26.02,216.73
10/10/2020,12:03:19,18.33,20.77,8.28,26.02,215.42
10/10/2020,12:03:30,18.31,20.87,8.48,26.01,220.63
10/10/2020,12:03:40,18.25,20.83,8.38,26,217.87
10/10/2020,12:03:50,18.23,20.77,8.33,26.03,216.78
10/10/2020,12:04:01,18.25,20.83,8.48,26,220.49
10/10/2020,12:04:11,18.23,20.83,8.48,26,220.54
10/10/2020,12:04:21,18.23,20.81,8.38,25.99,217.82
10/10/2020,12:04:32,18.23,20.77,8.38,25.99,217.82
10/10/2020,12:04:42,18.21,20.83,8.33,25.99,216.51
10/10/2020,12:04:52,18.17,20.87,8.48,26,220.49
10/10/2020,12:05:03,18.19,20.81,8.48,25.99,220.45
10/10/2020,12:05:13,18.13,20.81,8.33,25.99,216.51
10/10/2020,12:05:24,18.15,20.93,8.48,26,220.54
10/10/2020,12:05:34,18.17,20.89,8.43,25.99,219.14
10/10/2020,12:05:44,18.17,20.93,8.33,25.99,216.51
10/10/2020,12:05:55,18.21,20.87,8.33,25.99,216.47
10/10/2020,12:06:05,18.23,20.81,8.43,25.98,219.04
10/10/2020,12:06:15,18.25,20.83,8.43,25.98,219.04
10/10/2020,12:06:26,18.31,20.87,8.28,25.99,215.15
10/10/2020,12:06:36,18.33,20.87,8.48,25.98,220.31
10/10/2020,12:06:46,18.33,20.89,8.48,25.98,220.36
10/10/2020,12:06:57,18.33,20.83,8.33,25.98,216.42
10/10/2020,12:07:07,18.35,20.81,8.43,25.97,218.95
10/10/2020,12:07:17,18.33,20.87,8.48,25.97,220.27
10/10/2020,12:07:28,18.37,20.93,8.58,25.96,222.8
10/10/2020,12:07:38,18.37,20.89,8.53,25.99,221.71
10/10/2020,12:07:48,18.35,20.89,8.48,25.97,220.22
10/10/2020,12:07:59,18.37,20.81,8.48,25.97,220.22
10/10/2020,12:08:09,18.37,20.89,8.48,25.97,220.27
10/10/2020,12:08:19,18.37,20.93,8.53,25.96,221.44
10/10/2020,12:08:30,18.37,20.87,8.48,25.96,220.13
10/10/2020,12:08:40,18.37,20.95,8.58,25.96,222.8
10/10/2020,12:08:50,18.35,20.89,8.63,25.97,224.15
10/10/2020,12:09:01,18.33,20.89,8.48,25.95,220.08
10/10/2020,12:09:11,18.37,20.93,8.68,25.96,225.42
10/10/2020,12:09:22,18.41,20.93,8.68,25.94,225.28
10/10/2020,12:09:32,18.41,20.95,8.68,25.93,225.19
10/10/2020,12:09:42,18.45,20.95,8.68,25.94,225.23
10/10/2020,12:09:53,18.47,20.93,8.53,25.94,221.3
10/10/2020,12:10:03,18.49,20.89,8.73,25.93,226.5
10/10/2020,12:10:13,18.55,20.89,8.73,25.93,226.5
10/10/2020,12:10:24,18.55,20.87,8.78,25.93,227.81
10/10/2020,12:10:34,18.57,20.99,8.48,25.93,219.95
10/10/2020,12:10:44,18.59,20.87,8.88,25.93,230.43
10/10/2020,12:10:55,18.61,20.87,8.63,25.93,223.83
10/10/2020,12:11:05,18.61,20.89,8.68,25.95,225.33
10/10/2020,12:11:15,18.61,20.89,8.78,25.93,227.76
10/10/2020,12:11:26,18.59,20.95,8.88,25.93,230.38
10/10/2020,12:11:36,18.55,20.99,8.78,25.92,227.71
10/10/2020,12:11:46,18.57,20.99,8.78,25.92,227.71
10/10/2020,12:11:57,18.55,20.99,8.99,25.92,232.9
10/10/2020,12:12:07,18.53,21.01,8.88,25.91,230.19
10/10/2020,12:12:17,18.53,21.01,9.04,25.89,233.92
10/10/2020,12:12:28,18.49,21.01,9.04,25.88,233.87
10/10/2020,12:12:38,18.55,20.99,9.14,25.88,236.49
10/10/2020,12:12:49,18.59,20.95,9.04,25.86,233.68
10/10/2020,12:12:59,18.61,20.89,9.04,25.84,233.49
10/10/2020,12:13:09,18.61,21.01,9.14,25.83,236
10/10/2020,12:13:20,18.63,20.89,9.29,25.82,239.86
10/10/2020,12:13:30,18.63,21.01,9.24,25.81,238.46
10/10/2020,12:13:40,18.63,21.01,9.24,25.78,238.21
10/10/2020,12:13:51,18.65,20.99,9.19,25.78,236.86
10/10/2020,12:14:01,18.63,21.01,9.19,25.78,236.91
10/10/2020,12:14:11,18.61,21.01,9.34,25.78,240.76
10/10/2020,12:14:22,18.61,21.01,9.34,25.76,240.61
10/10/2020,12:14:32,18.55,21.05,9.54,25.76,245.77
10/10/2020,12:14:42,18.49,21.07,9.54,25.74,245.56
10/10/2020,12:14:53,18.53,21.05,9.64,25.73,248.11
10/10/2020,12:15:03,18.49,21.07,9.64,25.73,248.06
10/10/2020,12:15:13,18.53,21.11,9.59,25.72,246.71
10/10/2020,12:15:24,18.53,21.11,9.84,25.72,253.2
10/10/2020,12:15:34,18.57,21.11,9.64,25.72,248.01
10/10/2020,12:15:44,18.61,21.15,9.84,25.71,253.1
10/10/2020,12:15:55,18.59,21.17,9.84,25.69,252.89
10/10/2020,12:16:05,18.63,21.15,10,25.66,256.51
10/10/2020,12:16:16,18.61,21.15,9.95,25.66,255.16
10/10/2020,12:16:26,18.61,21.17,9.74,25.63,249.72
10/10/2020,12:16:36,18.61,21.15,10.15,25.62,260.02
10/10/2020,12:16:47,18.61,21.15,10.1,25.61,258.56
10/10/2020,12:16:57,18.59,21.15,10.25,25.59,262.22
10/10/2020,12:17:07,18.57,21.17,10.25,25.58,262.17
10/10/2020,12:17:18,18.59,21.29,10.3,25.56,263.24
10/10/2020,12:17:28,18.53,21.23,10.3,25.55,263.13
10/10/2020,12:17:38,18.47,21.27,10.3,25.52,262.8
10/10/2020,12:17:49,18.49,21.27,10.5,25.51,267.9
10/10/2020,12:17:59,18.53,21.23,10.45,25.51,266.61
10/10/2020,12:18:09,18.53,21.21,10.5,25.51,267.84
10/10/2020,12:18:20,18.55,21.27,10.5,25.51,267.84
10/10/2020,12:18:30,18.57,21.21,10.6,25.51,270.42
10/10/2020,12:18:40,18.55,21.27,10.7,25.5,272.94
10/10/2020,12:18:51,18.47,21.23,10.7,25.5,272.94
10/10/2020,12:19:01,18.47,21.37,10.55,25.5,269.02
10/10/2020,12:19:11,18.47,21.37,10.85,25.48,276.63
10/10/2020,12:19:22,18.43,21.33,10.8,25.5,275.45
10/10/2020,12:19:32,18.43,21.37,10.85,25.48,276.63
10/10/2020,12:19:43,18.43,21.33,10.91,25.47,277.74
10/10/2020,12:19:53,18.47,21.39,10.96,25.46,278.91
10/10/2020,12:20:03,18.53,21.33,10.91,25.46,277.62
10/10/2020,12:20:14,18.55,21.29,10.91,25.45,277.5
10/10/2020,12:20:24,18.61,21.37,10.91,25.43,277.33
10/10/2020,12:20:34,18.65,21.29,11.06,25.43,281.18
10/10/2020,12:20:45,18.63,21.33,10.96,25.43,278.61
10/10/2020,12:20:55,18.61,21.37,11.16,25.44,283.81
10/10/2020,12:21:05,18.59,21.39,11.11,25.4,282.11
10/10/2020,12:21:16,18.61,21.39,11.21,25.4,284.68
10/10/2020,12:21:26,18.59,21.37,11.06,25.39,280.77
10/10/2020,12:21:36,18.55,21.45,11.21,25.37,284.32
10/10/2020,12:21:47,18.55,21.45,11.31,25.36,286.82
10/10/2020,12:21:57,18.47,21.43,11.21,25.35,284.14
10/10/2020,12:22:07,18.41,21.43,11.31,25.35,286.64
10/10/2020,12:22:18,18.43,21.51,11.41,25.35,289.26
10/10/2020,12:22:28,18.45,21.51,11.31,25.31,286.27
10/10/2020,12:22:38,18.41,21.61,11.31,25.3,286.15
10/10/2020,12:22:49,18.41,21.49,11.51,25.28,291.02
10/10/2020,12:22:59,18.45,21.55,11.51,25.29,291.08
10/10/2020,12:23:10,18.49,21.49,11.61,25.28,293.51
10/10/2020,12:23:20,18.53,21.49,11.66,25.29,294.91
10/10/2020,12:23:30,18.61,21.45,11.56,25.26,292.05
10/10/2020,12:23:41,18.63,21.45,11.56,25.27,292.17
10/10/2020,12:23:51,18.67,21.55,11.66,25.27,294.72
10/10/2020,12:24:01,18.69,21.55,11.46,25.27,289.56
10/10/2020,12:24:12,18.71,21.57,11.71,25.24,295.69
10/10/2020,12:24:22,18.77,21.51,11.71,25.25,295.75
10/10/2020,12:24:32,18.77,21.55,11.71,25.24,295.62
10/10/2020,12:24:43,18.83,21.61,11.81,25.23,298.11
10/10/2020,12:24:53,18.83,21.51,11.76,25.24,296.96
10/10/2020,12:25:03,18.85,21.55,11.81,25.24,298.17
10/10/2020,12:25:14,18.85,21.55,11.81,25.24,298.17
10/10/2020,12:25:24,18.85,21.57,11.81,25.22,297.92
10/10/2020,12:25:34,18.85,21.57,11.86,25.2,298.94
10/10/2020,12:25:45,18.83,21.61,11.76,25.21,296.52
10/10/2020,12:25:55,18.75,21.45,11.91,25.21,300.4
10/10/2020,12:26:05,18.67,21.63,11.81,25.19,297.54
10/10/2020,12:26:16,18.63,21.63,11.81,25.21,297.86
10/10/2020,12:26:26,18.67,21.73,11.91,25.22,300.47
10/10/2020,12:26:36,18.67,21.63,11.66,25.22,294.16
10/10/2020,12:26:47,18.65,21.63,11.76,25.24,296.96
10/10/2020,12:26:57,18.65,21.77,11.91,25.23,300.59
10/10/2020,12:27:08,18.67,21.73,11.86,25.24,299.45
10/10/2020,12:27:18,18.67,21.67,11.71,25.24,295.62
10/10/2020,12:27:28,18.75,21.61,11.61,25.25,293.2
10/10/2020,12:27:39,18.75,21.73,11.71,25.28,296.06
10/10/2020,12:27:49,18.79,21.71,11.71,25.25,295.81
10/10/2020,12:27:59,18.81,21.77,11.66,25.28,294.85
10/10/2020,12:28:10,18.75,21.63,11.46,25.29,289.86
10/10/2020,12:28:20,18.75,21.79,11.41,25.29,288.59
10/10/2020,12:28:30,18.75,21.67,11.56,25.3,292.48
10/10/2020,12:28:41,18.75,21.73,11.46,25.33,290.29
10/10/2020,12:28:51,18.71,21.83,11.36,25.34,287.86
10/10/2020,12:29:01,18.71,21.73,11.31,25.34,286.58
10/10/2020,12:29:12,18.71,21.77,11.36,25.35,287.98
10/10/2020,12:29:22,18.71,21.79,11.36,25.37,288.16
10/10/2020,12:29:32,18.71,21.77,11.16,25.38,283.15
10/10/2020,12:29:43,18.75,21.89,11.31,25.42,287.42
10/10/2020,12:29:53,18.75,21.89,11.11,25.41,282.23
10/10/2020,12:30:03,18.75,21.77,11.11,25.43,282.41
10/10/2020,12:30:14,18.77,21.85,11.01,25.44,280.02
10/10/2020,12:30:24,18.69,21.79,11.06,25.47,281.6
10/10/2020,12:30:35,18.75,21.85,10.91,25.48,277.85
10/10/2020,12:30:45,18.75,21.89,10.96,25.5,279.38
10/10/2020,12:30:55,18.79,21.85,10.91,25.51,278.15
10/10/2020,12:31:06,18.79,21.89,10.91,25.51,278.15
10/10/2020,12:31:16,18.81,21.89,10.8,25.51,275.57
10/10/2020,12:31:26,18.79,21.91,10.85,25.51,276.86
10/10/2020,12:31:37,18.81,22.01,10.85,25.51,276.86
10/10/2020,12:31:46,18.79,22.01,10.2,25.51,260.11
10/10/2020,12:31:58,18.85,21.91,10.65,25.51,271.71
10/10/2020,12:32:10,18.81,21.97,10.75,25.51,274.28
10/10/2020,12:32:21,18.85,21.89,10.5,25.51,267.84
10/10/2020,12:32:49,18.89,21.89,10.15,25.51,258.83
10/10/2020,12:33:04,18.89,21.97,10.25,25.51,261.4
10/10/2020,12:33:15,18.91,21.95,10.15,25.51,258.83
10/10/2020,12:33:26,18.93,21.97,10.2,25.5,260
10/10/2020,12:33:38,18.97,21.97,10.15,25.51,258.83
10/10/2020,12:33:49,19.01,22.01,10.3,25.51,262.69
10/10/2020,12:34:01,19.07,21.91,10.35,25.49,263.81
10/10/2020,12:34:12,19.09,21.95,10.85,25.51,276.86
10/10/2020,12:34:24,19.09,22.01,10.8,25.49,275.4
10/10/2020,12:34:35,19.13,21.91,10.25,25.49,261.24
10/10/2020,12:34:47,19.09,21.97,10.3,25.5,262.58
10/10/2020,12:34:58,18.99,21.95,10.35,25.51,263.98
10/10/2020,12:35:10,18.91,22.05,10.25,25.5,261.35
10/10/2020,12:35:21,18.91,22.11,10.3,25.5,262.63
10/10/2020,12:35:32,18.83,22.05,10.15,25.51,258.83
10/10/2020,12:35:44,18.85,22.05,10.1,25.51,257.54
10/10/2020,12:35:55,18.83,22.19,10.2,25.51,260.11
10/10/2020,12:36:06,18.81,22.07,10.25,25.51,261.4
10/10/2020,12:36:18,18.81,22.11,10.7,25.51,272.99
10/10/2020,12:36:32,18.77,22.19,10.1,25.51,257.54
10/10/2020,12:36:44,18.79,22.11,10.2,25.51,260.11
10/10/2020,12:36:55,18.79,22.19,10.3,25.51,262.69
10/10/2020,12:37:06,18.75,22.05,10.15,25.51,258.83
10/10/2020,12:37:17,18.75,22.13,10.35,25.5,263.92
10/10/2020,12:37:29,18.75,22.17,10.45,25.49,266.39
10/10/2020,12:37:40,18.79,22.23,10.2,25.5,260.06
10/10/2020,12:37:52,18.83,22.29,10.4,25.49,265.1
10/10/2020,12:38:03,18.85,22.19,10.45,25.49,266.39
10/10/2020,12:38:15,18.89,22.17,10.4,25.5,265.15
10/10/2020,12:38:27,18.91,22.17,10.35,25.5,263.92
10/10/2020,12:38:38,18.97,22.23,10.35,25.5,263.87
10/10/2020,12:38:50,19.01,22.19,10.4,25.47,264.93
10/10/2020,12:39:01,19.01,22.19,10.4,25.47,264.93
10/10/2020,12:39:13,18.99,22.13,10.4,25.47,264.88
10/10/2020,12:39:24,18.93,22.23,10.4,25.47,264.88
10/10/2020,12:39:35,18.93,22.19,10.45,25.45,265.99
10/10/2020,12:39:47,18.91,22.25,10.45,25.44,265.88
10/10/2020,12:39:58,18.87,22.29,10.5,25.43,267.06
10/10/2020,12:40:10,18.81,22.23,10.55,25.42,268.17
10/10/2020,12:40:21,18.77,22.37,10.55,25.39,267.94
10/10/2020,12:40:35,18.79,22.25,10.65,25.38,270.4
10/10/2020,12:40:47,18.79,22.25,10.8,25.35,273.89
10/10/2020,12:40:58,18.81,22.25,10.91,25.35,276.4
10/10/2020,12:41:09,18.81,22.31,11.01,25.31,278.6
10/10/2020,12:41:20,18.83,22.29,10.91,25.29,275.81
10/10/2020,12:41:32,18.89,22.35,11.21,25.29,283.48
10/10/2020,12:41:43,18.91,22.31,11.31,25.29,285.97
10/10/2020,12:41:55,18.97,22.37,11.16,25.28,282.02
10/10/2020,12:42:06,18.99,22.37,11.31,25.26,285.67
10/10/2020,12:42:18,19.07,22.35,11.36,25.25,286.82
10/10/2020,12:42:29,19.11,22.37,11.21,25.25,283
10/10/2020,12:42:40,19.15,22.31,11.31,25.23,285.31
10/10/2020,12:42:51,19.19,22.31,11.26,25.24,284.15
10/10/2020,12:43:03,19.19,22.41,11.31,25.22,285.24
10/10/2020,12:43:14,19.21,22.37,11.41,25.2,287.55
10/10/2020,12:43:26,19.19,22.41,11.36,25.22,286.46
10/10/2020,12:43:37,19.21,22.37,11.41,25.2,287.55
10/10/2020,12:43:48,19.23,22.43,11.51,25.21,290.15
10/10/2020,12:44:00,19.19,22.37,11.51,25.21,290.15
10/10/2020,12:44:11,19.19,22.37,11.46,25.2,288.76
10/10/2020,12:44:23,19.19,22.41,11.56,25.19,291.18
10/10/2020,12:44:34,19.21,22.41,11.56,25.17,290.99
10/10/2020,12:44:46,19.19,22.41,11.61,25.16,292.2
10/10/2020,12:44:57,19.15,22.53,11.71,25.14,294.43
10/10/2020,12:45:08,19.15,22.43,11.71,25.12,294.18
10/10/2020,12:45:20,19.15,22.43,11.76,25.09,295.2
10/10/2020,12:45:31,19.13,22.51,11.81,25.08,296.34
10/10/2020,12:45:42,19.09,22.53,11.91,25.08,298.81
10/10/2020,12:45:54,19.05,22.51,11.86,25.09,297.67
10/10/2020,12:46:05,19.01,22.47,11.76,25.12,295.45
10/10/2020,12:46:17,19.03,22.53,11.81,25.1,296.53
10/10/2020,12:46:28,19.03,22.63,11.76,25.13,295.58
10/10/2020,12:46:40,19.03,22.59,11.66,25.14,293.23
10/10/2020,12:46:51,19.07,22.53,11.71,25.17,294.81
10/10/2020,12:47:03,19.09,22.53,11.66,25.19,293.79
10/10/2020,12:47:14,19.11,22.57,11.56,25.19,291.24
10/10/2020,12:47:25,19.19,22.63,11.41,25.19,287.43
10/10/2020,12:47:37,19.21,22.63,11.56,25.2,291.3
10/10/2020,12:47:48,19.25,22.57,11.41,25.21,287.67
10/10/2020,12:47:59,19.31,22.59,11.51,25.22,290.34
10/10/2020,12:48:11,19.31,22.63,11.46,25.22,289.07
10/10/2020,12:48:23,19.35,22.63,11.46,25.22,289
10/10/2020,12:48:34,19.31,22.57,11.41,25.21,287.61
10/10/2020,12:48:45,19.31,22.69,11.61,25.21,292.76
10/10/2020,12:48:57,19.25,22.63,11.56,25.23,291.68
10/10/2020,12:49:08,19.21,22.77,11.41,25.23,287.85
10/10/2020,12:49:19,19.21,22.71,11.36,25.24,286.7
10/10/2020,12:49:31,19.19,22.69,11.36,25.25,286.82
10/10/2020,12:49:42,19.11,22.63,11.36,25.29,287.25
10/10/2020,12:49:54,19.07,22.69,11.36,25.29,287.25
10/10/2020,12:50:05,19.05,22.83,11.21,25.28,283.3
10/10/2020,12:50:17,18.99,22.77,11.26,25.29,284.69
10/10/2020,12:50:28,18.97,22.89,11.11,25.3,281.04
10/10/2020,12:50:39,18.91,22.75,11.11,25.29,280.92
10/10/2020,12:50:50,18.87,22.89,11.11,25.31,281.16
10/10/2020,12:51:02,18.89,22.95,11.16,25.3,282.32
10/10/2020,12:51:15,18.91,22.93,11.06,25.32,280
10/10/2020,12:51:27,18.99,22.99,11.21,25.31,283.72
10/10/2020,12:51:38,18.99,22.93,11.21,25.32,283.78
10/10/2020,12:51:50,19.03,22.95,11.16,25.31,282.38
10/10/2020,12:52:01,19.01,22.95,11.56,25.33,292.85
10/10/2020,12:52:13,19.01,22.95,11.16,25.29,282.2
10/10/2020,12:52:25,19.01,23.03,11.16,25.29,282.2
10/10/2020,12:52:36,19.05,22.99,11.31,25.3,286.09
10/10/2020,12:52:47,19.05,22.99,11.06,25.3,279.7
10/10/2020,12:52:58,19.01,22.99,11.11,25.3,280.98
10/10/2020,12:53:13,19.03,22.95,11.26,25.29,284.75
10/10/2020,12:53:24,19.03,23.03,11.81,25.3,298.87
10/10/2020,12:53:35,19.09,23.03,11.71,25.29,296.25
10/10/2020,12:53:47,19.15,22.99,11.31,25.29,285.97
10/10/2020,12:53:58,19.23,23.03,11.31,25.29,285.97
10/10/2020,12:54:10,19.29,22.89,11.26,25.3,284.87
10/10/2020,12:54:21,19.37,22.93,11.26,25.29,284.75
10/10/2020,12:54:33,19.43,22.83,11.21,25.3,283.54
10/10/2020,12:54:44,19.51,22.89,11.11,25.3,280.98
10/10/2020,12:54:55,19.53,22.93,11.01,25.31,278.54
10/10/2020,12:55:06,19.55,22.93,11.06,25.34,280.12
10/10/2020,12:55:18,19.57,22.87,11.11,25.35,281.58
10/10/2020,12:55:29,19.61,22.95,11.06,25.36,280.35
10/10/2020,12:55:41,19.61,22.89,10.91,25.37,276.63
10/10/2020,12:55:53,19.65,22.89,11.01,25.36,279.07
10/10/2020,12:56:04,19.67,22.95,10.91,25.36,276.57
10/10/2020,12:56:16,19.71,22.95,10.96,25.39,278.2
10/10/2020,12:56:28,19.73,22.99,10.91,25.4,276.98
10/10/2020,12:56:39,19.75,22.83,10.96,25.38,278.03
10/10/2020,12:56:51,19.79,22.89,10.96,25.39,278.15
10/10/2020,12:57:03,19.79,22.89,10.91,25.38,276.8
10/10/2020,12:57:14,19.75,23.03,10.96,25.39,278.2
10/10/2020,12:57:26,19.75,23.03,11.41,25.42,289.99
10/10/2020,12:57:37,19.71,23.03,10.96,25.36,277.85
10/10/2020,12:57:48,19.71,23.05,11.56,25.41,293.78
10/10/2020,12:58:00,19.71,23.05,11.01,25.36,279.13
10/10/2020,12:58:12,19.73,22.95,11.56,25.4,293.65
10/10/2020,12:58:23,19.75,23.05,10.85,25.36,275.29
10/10/2020,12:58:34,19.75,23.03,11.46,25.4,291.09
10/10/2020,12:58:50,19.73,23.09,11.56,25.39,293.53
10/10/2020,12:59:07,19.71,23.05,11.56,25.4,293.65
10/10/2020,12:59:18,19.69,23.09,11.46,25.4,291.09
10/10/2020,12:59:33,19.75,23.17,11.51,25.4,292.37
10/10/2020,12:59:48,19.79,23.21,11.51,25.39,292.31
10/10/2020,13:00:01,19.79,23.05,11.51,25.41,292.49
10/10/2020,13:00:16,19.83,23.11,11.46,25.4,291.09
10/10/2020,13:00:26,19.89,23.11,11.36,25.41,288.65
10/10/2020,13:00:39,19.91,23.09,11.31,25.43,287.6
10/10/2020,13:00:54,19.93,23.11,11.31,25.42,287.48
10/10/2020,13:01:22,19.87,23.09,11.31,25.46,287.91
10/10/2020,13:01:33,19.79,23.17,10.85,25.41,275.81
10/10/2020,13:01:45,19.73,23.21,11.26,25.53,287.4
10/10/2020,13:01:56,19.69,23.23,11.31,25.47,288.03
10/10/2020,13:02:07,19.61,23.27,10.85,25.45,276.28
10/10/2020,13:02:18,19.65,23.17,11.21,25.47,285.52
10/10/2020,13:02:29,19.69,23.23,11.31,25.47,288.09
10/10/2020,13:02:39,19.71,23.23,10.91,25.47,277.74
10/10/2020,13:02:52,19.75,23.29,11.26,25.47,286.74
10/10/2020,13:03:10,19.83,23.23,11.26,25.45,286.5
10/10/2020,13:03:27,19.79,23.23,11.31,25.46,287.91
10/10/2020,13:03:55,19.77,23.29,11.31,25.45,287.79
10/10/2020,13:04:06,19.77,23.27,11.46,25.44,291.58
10/10/2020,13:04:17,19.73,23.29,11.46,25.45,291.64
10/10/2020,13:04:27,19.73,23.35,11.61,25.44,295.37
10/10/2020,13:04:37,19.71,23.35,11.51,25.42,292.56
10/10/2020,13:04:48,19.71,23.39,11.36,25.43,288.83
10/10/2020,13:04:58,19.69,23.29,11.26,25.43,286.32
10/10/2020,13:05:08,19.69,23.45,11.26,25.44,286.38
10/10/2020,13:05:19,19.69,23.35,11.51,25.43,292.68
10/10/2020,13:05:29,19.59,23.41,11.36,25.44,289.01
10/10/2020,13:05:39,19.53,23.41,11.36,25.46,289.19
10/10/2020,13:05:50,19.51,23.47,11.31,25.45,287.79
10/10/2020,13:06:00,19.49,23.47,11.41,25.45,290.42
10/10/2020,13:06:10,19.47,23.47,11.51,25.45,292.99
10/10/2020,13:06:21,19.45,23.45,11.21,25.46,285.4
10/10/2020,13:06:31,19.47,23.59,11.36,25.45,289.13
10/10/2020,13:06:41,19.45,23.53,11.31,25.46,287.97
10/10/2020,13:06:52,19.45,23.57,11.46,25.45,291.7
10/10/2020,13:07:02,19.49,23.47,11.41,25.45,290.42
10/10/2020,13:07:12,19.49,23.47,11.31,25.46,287.91
10/10/2020,13:07:23,19.47,23.53,11.31,25.45,287.85
10/10/2020,13:07:33,19.53,23.47,11.31,25.45,287.79
10/10/2020,13:07:44,19.53,23.53,11.31,25.45,287.85
10/10/2020,13:07:54,19.55,23.57,11.41,25.44,290.29
10/10/2020,13:08:04,19.59,23.59,11.31,25.44,287.66
10/10/2020,13:08:15,19.65,23.53,11.41,25.45,290.42
10/10/2020,13:08:25,19.69,23.59,11.36,25.45,289.13
10/10/2020,13:08:35,19.73,23.57,11.31,25.44,287.73
10/10/2020,13:08:46,19.71,23.57,11.56,25.45,294.27
10/10/2020,13:08:56,19.73,23.63,11.26,25.44,286.44
10/10/2020,13:09:06,19.79,23.59,11.26,25.44,286.44
10/10/2020,13:09:17,19.83,23.59,11.56,25.45,294.21
10/10/2020,13:09:27,19.83,23.47,11.31,25.45,287.79
10/10/2020,13:09:37,19.81,23.59,11.31,25.45,287.79
10/10/2020,13:09:48,19.75,23.59,11.31,25.45,287.85
10/10/2020,13:09:58,19.77,23.63,11.31,25.44,287.73
10/10/2020,13:10:08,19.73,23.65,11.51,25.44,292.86
10/10/2020,13:10:19,19.75,23.63,11.36,25.44,289.01
10/10/2020,13:10:29,19.75,23.65,11.41,25.45,290.36
10/10/2020,13:10:39,19.73,23.65,11.46,25.44,291.52
10/10/2020,13:10:50,19.75,23.65,11.46,25.43,291.46
10/10/2020,13:11:00,19.73,23.75,11.41,25.44,290.23
10/10/2020,13:11:11,19.75,23.65,11.56,25.44,294.15
10/10/2020,13:11:21,19.77,23.63,11.26,25.45,286.5
10/10/2020,13:11:31,19.81,23.69,11.31,25.45,287.79
10/10/2020,13:11:42,19.83,23.57,11.36,25.46,289.19
10/10/2020,13:11:52,19.93,23.65,11.56,25.45,294.27
10/10/2020,13:12:02,19.97,23.69,11.31,25.46,287.91
10/10/2020,13:12:13,19.95,23.57,11.31,25.46,287.91
10/10/2020,13:12:23,20.03,23.53,11.36,25.48,289.44
10/10/2020,13:12:33,20.01,23.57,11.16,25.5,284.47
10/10/2020,13:12:44,20.01,23.53,11.21,25.5,285.81
10/10/2020,13:12:54,20.03,23.63,11.26,25.51,287.16
10/10/2020,13:13:04,20.05,23.59,11.01,25.51,280.72
10/10/2020,13:13:15,20.03,23.63,11.01,25.51,280.72
10/10/2020,13:13:25,19.99,23.63,11.16,25.51,284.59
10/10/2020,13:13:35,19.99,23.63,11.06,25.51,282.07
10/10/2020,13:13:46,19.99,23.63,11.06,25.52,282.13
10/10/2020,13:13:56,20.01,23.63,11.01,25.51,280.72
10/10/2020,13:14:06,19.99,23.79,10.91,25.52,278.26
10/10/2020,13:14:17,19.95,23.59,11.11,25.51,283.3
10/10/2020,13:14:27,19.93,23.87,11.06,25.51,282.07
10/10/2020,13:14:38,19.91,23.71,11.16,25.51,284.59
10/10/2020,13:14:48,19.87,23.81,11.11,25.51,283.3
10/10/2020,13:14:58,19.83,23.71,10.91,25.51,278.15
10/10/2020,13:15:09,19.87,23.81,11.06,25.51,282.01
10/10/2020,13:15:19,19.89,23.87,11.11,25.51,283.3
10/10/2020,13:15:29,19.89,23.81,11.26,25.51,287.16
10/10/2020,13:15:40,19.83,23.69,11.16,25.51,284.59
10/10/2020,13:15:50,19.87,23.81,11.26,25.51,287.16
10/10/2020,13:16:00,19.81,23.85,11.21,25.51,285.87
10/10/2020,13:16:11,19.69,23.81,11.11,25.51,283.3
10/10/2020,13:16:21,19.65,23.79,11.31,25.51,288.45
10/10/2020,13:16:31,19.59,23.91,11.01,25.51,280.72
10/10/2020,13:16:42,19.49,23.81,11.31,25.51,288.45
10/10/2020,13:16:52,19.51,23.97,11.26,25.51,287.16
10/10/2020,13:17:02,19.51,23.97,11.06,25.51,282.01
10/10/2020,13:17:13,19.49,24.09,11.11,25.51,283.3
10/10/2020,13:17:23,19.53,24.03,11.11,25.51,283.3
10/10/2020,13:17:33,19.57,24.05,11.16,25.51,284.59
10/10/2020,13:17:44,19.57,23.99,11.11,25.51,283.3
10/10/2020,13:17:54,19.61,23.97,11.01,25.51,280.72
10/10/2020,13:18:04,19.65,23.99,11.01,25.51,280.72
10/10/2020,13:18:15,19.69,23.93,11.21,25.51,285.87
10/10/2020,13:18:25,19.75,23.91,11.21,25.5,285.81
10/10/2020,13:18:36,19.79,23.91,11.16,25.51,284.59
10/10/2020,13:18:46,19.87,23.91,11.16,25.5,284.47
10/10/2020,13:18:56,19.93,24.03,11.36,25.5,289.68
10/10/2020,13:19:07,19.99,23.97,11.21,25.5,285.81
10/10/2020,13:19:17,19.99,23.85,11.36,25.48,289.5
10/10/2020,13:19:27,20.01,23.87,11.36,25.46,289.25
10/10/2020,13:19:38,20.01,23.87,11.51,25.47,293.17
10/10/2020,13:19:48,20.11,24.03,11.36,25.45,289.13
10/10/2020,13:19:58,20.09,23.97,11.51,25.45,292.99
10/10/2020,13:20:09,20.13,23.91,11.41,25.44,290.29
10/10/2020,13:20:19,20.11,24.03,11.51,25.45,292.93
10/10/2020,13:20:29,20.13,24.03,11.66,25.42,296.47
10/10/2020,13:20:40,20.13,24.03,11.51,25.44,292.8
10/10/2020,13:20:50,20.13,24.05,11.66,25.44,296.72
10/10/2020,13:21:00,20.11,23.93,11.41,25.42,290.05
10/10/2020,13:21:11,20.13,24.09,11.51,25.44,292.8
10/10/2020,13:21:21,20.15,23.99,11.51,25.43,292.74
10/10/2020,13:21:32,20.09,23.93,11.36,25.43,288.83
10/10/2020,13:21:42,20.09,23.97,11.41,25.44,290.23
10/10/2020,13:21:52,20.03,23.97,11.51,25.43,292.68
10/10/2020,13:22:03,20.03,24.03,11.31,25.45,287.79
10/10/2020,13:22:13,20.01,24.09,11.36,25.45,289.07
10/10/2020,13:22:23,19.97,24.03,11.51,25.45,292.99
10/10/2020,13:22:34,19.99,23.97,11.51,25.45,292.99
10/10/2020,13:22:44,19.97,24.05,11.46,25.45,291.64
10/10/2020,13:22:54,19.97,24.05,11.51,25.46,293.11
10/10/2020,13:23:05,19.97,24.11,11.56,25.47,294.46
10/10/2020,13:23:15,19.91,23.97,11.56,25.45,294.27
10/10/2020,13:23:25,19.91,24.17,11.46,25.46,291.76
10/10/2020,13:23:36,19.91,24.15,11.61,25.45,295.56
10/10/2020,13:23:46,19.93,24.11,11.41,25.45,290.42
10/10/2020,13:23:56,19.95,24.17,11.51,25.44,292.86
10/10/2020,13:24:07,19.95,24.09,11.66,25.44,296.72
10/10/2020,13:24:17,19.97,24.15,11.61,25.42,295.19
10/10/2020,13:24:27,19.99,24.11,11.56,25.4,293.72
10/10/2020,13:24:38,20.01,24.17,11.76,25.4,298.79
10/10/2020,13:24:48,20.01,24.09,11.61,25.39,294.81
10/10/2020,13:24:58,20.03,24.15,11.71,25.37,297.19
10/10/2020,13:25:09,20.03,24.29,11.76,25.36,298.28
10/10/2020,13:25:19,20.05,24.21,11.81,25.36,299.56
10/10/2020,13:25:30,20.05,24.17,11.91,25.34,301.93
10/10/2020,13:25:40,20.09,24.23,11.76,25.35,298.16
10/10/2020,13:25:50,20.05,24.23,11.86,25.34,300.59
10/10/2020,13:26:01,20.05,24.27,11.97,25.33,303.08
10/10/2020,13:26:11,20.05,24.21,12.02,25.35,304.56
10/10/2020,13:26:21,20.13,24.23,11.86,25.31,300.33
10/10/2020,13:26:32,20.11,24.27,11.91,25.32,301.68
10/10/2020,13:26:42,20.11,24.35,11.86,25.34,300.59
10/10/2020,13:26:52,20.13,24.29,11.91,25.32,301.74
10/10/2020,13:27:03,20.13,24.17,12.02,25.33,304.36
10/10/2020,13:27:13,20.15,24.27,11.97,25.32,302.96
10/10/2020,13:27:23,20.13,24.17,11.97,25.34,303.15
10/10/2020,13:27:34,20.15,24.27,12.02,25.33,304.36
10/10/2020,13:27:44,20.17,24.29,11.91,25.3,301.42
10/10/2020,13:27:54,20.17,24.29,11.91,25.3,301.42
10/10/2020,13:28:05,20.17,24.29,11.91,25.3,301.49
10/10/2020,13:28:15,20.19,24.27,12.02,25.3,304.04
10/10/2020,13:28:25,20.23,24.21,12.12,25.3,306.53
10/10/2020,13:28:36,20.25,24.23,11.97,25.29,302.57
10/10/2020,13:28:46,20.31,24.23,12.07,25.3,305.25
10/10/2020,13:28:57,20.27,24.23,12.12,25.29,306.47
10/10/2020,13:29:07,20.27,24.35,12.07,25.29,305.13
10/10/2020,13:29:17,20.25,24.33,12.12,25.28,306.34
10/10/2020,13:29:28,20.31,24.33,12.22,25.29,309.02
10/10/2020,13:29:38,20.31,24.39,11.97,25.29,302.57
10/10/2020,13:29:48,20.35,24.29,12.12,25.27,306.21
10/10/2020,13:29:59,20.41,24.33,12.37,25.27,312.59
10/10/2020,13:30:09,20.47,24.39,12.22,25.25,308.56
10/10/2020,13:30:19,20.49,24.35,12.32,25.25,311.05
10/10/2020,13:30:30,20.47,24.33,12.17,25.25,307.22
10/10/2020,13:30:40,20.45,24.33,12.17,25.24,307.16
10/10/2020,13:30:50,20.41,24.45,12.12,25.24,305.88
10/10/2020,13:31:01,20.41,24.41,12.27,25.24,309.64
10/10/2020,13:31:11,20.37,24.39,12.47,25.22,314.54
10/10/2020,13:31:21,20.39,24.39,12.17,25.2,306.57
10/10/2020,13:31:32,20.37,24.35,12.42,25.19,312.87
10/10/2020,13:32:24,20.41,24.45,12.12,25.12,304.33
10/10/2020,13:32:36,20.45,24.53,12.22,25.13,307
10/10/2020,13:32:47,20.49,24.51,12.32,25.08,308.94
10/10/2020,13:33:00,20.53,24.45,12.32,25.08,309.01
10/10/2020,13:33:11,20.53,24.47,12.82,25.12,322.09
10/10/2020,13:33:27,20.47,24.53,12.47,25.08,312.74
10/10/2020,13:33:38,20.43,24.51,12.52,25.08,314.01
10/10/2020,13:33:49,20.45,24.57,12.57,25.08,315.27
10/10/2020,13:34:01,20.47,24.57,13.13,25.08,329.2
10/10/2020,13:34:12,20.53,24.45,12.72,25.05,318.73
10/10/2020,13:34:23,20.49,24.45,12.77,25.04,319.79
10/10/2020,13:34:38,20.57,24.59,12.87,25.02,322.11
10/10/2020,13:34:49,20.55,24.59,12.93,24.98,322.89
10/10/2020,13:35:01,20.53,24.57,13.08,24.97,326.54
10/10/2020,13:35:12,20.53,24.53,13.18,24.94,328.64
10/10/2020,13:35:23,20.49,24.63,13.63,24.96,340.26
10/10/2020,13:35:39,20.55,24.59,13.28,24.9,330.59
10/10/2020,13:35:50,20.49,24.63,13.43,24.87,334
10/10/2020,13:36:02,20.41,24.69,13.43,24.86,333.93
10/10/2020,13:36:16,20.37,24.75,14.14,24.86,351.51
10/10/2020,13:36:29,20.33,24.75,13.63,24.82,338.37
10/10/2020,13:36:41,20.21,24.75,13.68,24.84,339.84
10/10/2020,13:36:54,20.19,24.75,13.58,24.86,337.7
10/10/2020,13:37:10,20.21,24.77,13.83,24.91,344.57
10/10/2020,13:37:23,20.25,24.87,14.84,25.01,371.23
10/10/2020,13:37:42,20.33,24.87,13.53,25.01,338.47
10/10/2020,13:37:54,20.35,24.93,13.33,25.04,333.7
10/10/2020,13:38:06,20.39,24.81,13.08,25.07,327.8
10/10/2020,13:38:24,20.41,24.93,12.72,25.08,319.07
10/10/2020,13:38:37,20.37,24.89,13.13,25.09,329.41
10/10/2020,13:38:54,20.43,24.89,12.93,25.11,324.55
10/10/2020,13:39:05,20.41,24.95,12.37,25.12,310.74
10/10/2020,13:39:17,20.49,24.89,12.67,25.15,318.75
10/10/2020,13:39:30,20.55,24.87,12.32,25.13,309.6
10/10/2020,13:39:43,20.59,24.87,12.52,25.18,315.28
10/10/2020,13:39:57,20.65,24.87,12.67,25.19,319.16
10/10/2020,13:40:09,20.69,24.99,12.67,25.2,319.3
10/10/2020,13:40:20,20.69,24.93,12.52,25.21,315.61
10/10/2020,13:40:38,20.67,24.89,12.62,25.22,318.36
10/10/2020,13:40:49,20.63,24.95,12.07,25.19,303.9
10/10/2020,13:41:00,20.65,24.95,12.67,25.23,319.77
10/10/2020,13:41:10,20.67,24.89,12.42,25.23,313.4
10/10/2020,13:41:20,20.71,24.83,12.47,25.24,314.74
10/10/2020,13:41:31,20.75,24.93,12.47,25.25,314.94
10/10/2020,13:41:41,20.77,24.95,12.42,25.28,314
10/10/2020,13:41:52,20.79,24.99,12.47,25.3,315.47
10/10/2020,13:42:02,20.81,24.93,12.17,25.29,307.74
10/10/2020,13:42:12,20.79,24.83,12.17,25.31,308
10/10/2020,13:42:23,20.75,24.83,12.17,25.31,308
10/10/2020,13:42:33,20.67,24.89,12.12,25.34,306.99
10/10/2020,13:42:43,20.65,25.07,12.07,25.36,305.96
10/10/2020,13:42:54,20.65,25.07,11.91,25.37,302.25
10/10/2020,13:43:04,20.63,25.07,11.91,25.37,302.25
10/10/2020,13:43:14,20.63,25.07,11.97,25.38,303.66
10/10/2020,13:43:25,20.63,25.13,11.91,25.38,302.44
10/10/2020,13:43:35,20.61,25.07,11.97,25.4,303.92
10/10/2020,13:43:45,20.57,25.05,11.91,25.39,302.57
10/10/2020,13:43:56,20.59,25.11,11.97,25.4,303.98
10/10/2020,13:44:06,20.47,25.11,11.91,25.41,302.76
10/10/2020,13:44:16,20.45,25.17,12.02,25.38,304.94
10/10/2020,13:44:27,20.47,25.19,11.81,25.38,299.88
10/10/2020,13:44:37,20.49,25.13,12.02,25.37,304.81
10/10/2020,13:44:47,20.45,25.07,11.97,25.38,303.66
10/10/2020,13:44:58,20.45,25.13,11.97,25.37,303.6
10/10/2020,13:45:08,20.45,25.19,12.12,25.37,307.37
10/10/2020,13:45:19,20.49,25.13,11.81,25.35,299.5
10/10/2020,13:45:29,20.57,25.19,12.02,25.36,304.68
10/10/2020,13:45:39,20.55,25.13,11.97,25.35,303.34
10/10/2020,13:45:50,20.59,25.17,11.97,25.35,303.34
10/10/2020,13:46:00,20.55,25.13,12.02,25.35,304.62
10/10/2020,13:46:10,20.59,25.19,12.12,25.35,307.12
10/10/2020,13:46:21,20.61,25.19,11.97,25.35,303.28
10/10/2020,13:46:31,20.65,25.23,12.12,25.34,307.05
10/10/2020,13:46:41,20.67,25.19,12.02,25.34,304.43
10/10/2020,13:46:52,20.67,25.23,12.22,25.34,309.61
10/10/2020,13:47:02,20.67,25.13,11.86,25.35,300.72
10/10/2020,13:47:12,20.65,25.23,12.02,25.34,304.43
10/10/2020,13:47:23,20.63,25.25,12.12,25.34,307.05
10/10/2020,13:47:33,20.61,25.17,12.02,25.34,304.43
10/10/2020,13:47:43,20.59,25.19,12.12,25.34,307.05
10/10/2020,13:47:54,20.63,25.19,12.02,25.36,304.68
10/10/2020,13:48:04,20.61,25.17,12.07,25.35,305.9
10/10/2020,13:48:14,20.61,25.25,11.91,25.36,302.12
10/10/2020,13:48:25,20.61,25.13,12.02,25.36,304.68
10/10/2020,13:48:35,20.57,25.29,12.12,25.37,307.37
10/10/2020,13:48:46,20.61,25.31,11.97,25.36,303.47
10/10/2020,13:48:56,20.63,25.25,11.97,25.37,303.6
10/10/2020,13:49:06,20.63,25.35,12.07,25.37,306.09
10/10/2020,13:49:17,20.67,25.31,12.02,25.36,304.75
10/10/2020,13:49:27,20.75,25.29,12.12,25.36,307.31
10/10/2020,13:49:37,20.81,25.37,12.07,25.37,306.09
10/10/2020,13:49:48,20.83,25.29,12.12,25.35,307.18
10/10/2020,13:49:58,20.85,25.31,12.12,25.33,306.92
10/10/2020,13:50:08,20.89,25.25,12.12,25.36,307.25
10/10/2020,13:50:19,20.91,25.23,12.17,25.36,308.59
10/10/2020,13:50:29,20.93,25.19,12.12,25.36,307.25
10/10/2020,13:50:39,20.99,25.35,12.27,25.34,310.82
10/10/2020,13:50:50,21.03,25.29,12.17,25.34,308.33
10/10/2020,13:51:00,21.05,25.25,11.97,25.33,303.08
10/10/2020,13:51:10,21.07,25.29,12.17,25.34,308.27
10/10/2020,13:51:21,21.09,25.29,12.12,25.35,307.18
10/10/2020,13:51:31,21.07,25.29,12.07,25.35,305.9
10/10/2020,13:51:41,21.05,25.31,12.12,25.35,307.12
10/10/2020,13:51:52,20.99,25.35,12.02,25.35,304.56
10/10/2020,13:52:02,20.95,25.41,12.12,25.36,307.25
10/10/2020,13:52:12,20.89,25.35,11.97,25.37,303.6
10/10/2020,13:52:23,20.87,25.41,11.91,25.37,302.31
10/10/2020,13:52:33,20.83,25.37,11.97,25.38,303.72
10/10/2020,13:52:44,20.83,25.41,11.91,25.4,302.7
10/10/2020,13:52:54,20.85,25.43,11.81,25.42,300.26
10/10/2020,13:53:04,20.77,25.35,11.81,25.45,300.64
10/10/2020,13:53:15,20.77,25.47,11.86,25.45,301.99
10/10/2020,13:53:25,20.77,25.47,11.71,25.46,298.25
10/10/2020,13:53:35,20.75,25.37,11.46,25.48,292.01
10/10/2020,13:53:46,20.77,25.47,11.66,25.48,297.16
10/10/2020,13:53:56,20.75,25.41,11.71,25.49,298.57
10/10/2020,13:54:06,20.71,25.43,11.51,25.49,293.42
10/10/2020,13:54:17,20.79,25.47,11.61,25.51,296.18
10/10/2020,13:54:27,20.79,25.55,11.46,25.49,292.13
10/10/2020,13:54:37,20.85,25.41,11.56,25.49,294.71
10/10/2020,13:54:48,20.89,25.47,11.66,25.5,297.34
10/10/2020,13:54:58,20.87,25.43,11.51,25.5,293.48
10/10/2020,13:55:08,20.93,25.47,11.46,25.51,292.32
10/10/2020,13:55:19,20.87,25.47,11.31,25.5,288.39
10/10/2020,13:55:29,20.93,25.37,11.51,25.51,293.6
10/10/2020,13:55:39,20.95,25.49,11.66,25.5,297.41
10/10/2020,13:55:50,20.99,25.49,11.56,25.51,294.89
10/10/2020,13:56:00,21.03,25.47,11.41,25.51,291.03
10/10/2020,13:56:11,21.07,25.53,11.56,25.51,294.89
10/10/2020,13:56:21,21.07,25.37,11.51,25.51,293.6
10/10/2020,13:56:31,21.03,25.55,11.46,25.51,292.32
10/10/2020,13:56:42,20.99,25.53,11.31,25.51,288.45
10/10/2020,13:56:52,20.87,25.49,11.21,25.51,285.87
10/10/2020,13:57:02,20.85,25.43,11.51,25.51,293.6
10/10/2020,13:57:13,20.67,25.49,11.36,25.51,289.74
10/10/2020,13:57:23,20.63,25.59,11.26,25.51,287.22
10/10/2020,13:57:33,20.59,25.67,11.36,25.54,290.1
10/10/2020,13:57:44,20.55,25.55,11.36,25.52,289.92
10/10/2020,13:57:54,20.49,25.59,11.31,25.51,288.45
10/10/2020,13:58:04,20.45,25.61,11.26,25.51,287.22
10/10/2020,13:58:15,20.45,25.61,11.31,25.52,288.57
10/10/2020,13:58:25,20.47,25.73,11.26,25.52,287.34
10/10/2020,13:58:35,20.49,25.69,11.26,25.51,287.22
10/10/2020,13:58:46,20.55,25.63,11.41,25.52,291.15
10/10/2020,13:58:56,20.53,25.63,11.41,25.51,291.09
10/10/2020,13:59:06,20.57,25.69,11.41,25.51,291.03
10/10/2020,13:59:17,20.61,25.69,11.36,25.51,289.74
10/10/2020,13:59:27,20.61,25.67,11.46,25.51,292.38
10/10/2020,13:59:38,20.65,25.73,11.56,25.51,294.89
10/10/2020,13:59:48,20.67,25.75,11.41,25.51,291.03
10/10/2020,13:59:58,20.71,25.75,11.46,25.51,292.32
10/10/2020,14:00:09,20.77,25.67,11.46,25.51,292.32
10/10/2020,14:00:19,20.77,25.61,11.31,25.51,288.45
10/10/2020,14:00:29,20.83,25.73,11.56,25.51,294.89
10/10/2020,14:00:40,20.85,25.63,11.41,25.51,291.03
10/10/2020,14:00:50,20.85,25.69,11.56,25.51,294.89
10/10/2020,14:01:00,20.85,25.59,11.26,25.51,287.16
10/10/2020,14:01:11,20.89,25.69,11.56,25.51,294.89
10/10/2020,14:01:21,20.91,25.69,11.41,25.51,291.03
10/10/2020,14:01:31,20.93,25.63,11.31,25.52,288.57
10/10/2020,14:01:42,20.95,25.59,11.21,25.53,286.17
10/10/2020,14:01:52,20.93,25.67,11.31,25.55,288.94
10/10/2020,14:02:02,21.01,25.73,11.11,25.55,283.83
10/10/2020,14:02:13,21.03,25.73,11.31,25.56,289.06
10/10/2020,14:02:23,21.05,25.73,11.26,25.55,287.71
10/10/2020,14:02:33,21.03,25.73,11.11,25.55,283.77
10/10/2020,14:02:44,21.01,25.61,11.16,25.57,285.24
10/10/2020,14:02:54,20.99,25.73,11.16,25.58,285.36
10/10/2020,14:03:04,21.01,25.73,11.31,25.56,289.06
10/10/2020,14:03:15,21.01,25.63,11.16,25.57,285.24
10/10/2020,14:03:25,21.01,25.69,11.26,25.55,287.71
10/10/2020,14:03:36,20.99,25.69,11.16,25.56,285.18
10/10/2020,14:03:46,20.95,25.67,11.31,25.57,289.12
10/10/2020,14:03:56,20.89,25.73,11.31,25.55,288.94
10/10/2020,14:04:07,20.89,25.75,11.11,25.55,283.77
10/10/2020,14:04:17,20.85,25.69,11.31,25.53,288.69
10/10/2020,14:04:27,20.89,25.75,11.31,25.52,288.57
10/10/2020,14:04:38,20.87,25.75,11.46,25.51,292.32
10/10/2020,14:04:48,20.91,25.85,11.51,25.51,293.6
10/10/2020,14:04:58,20.93,25.73,11.51,25.51,293.6
10/10/2020,14:05:09,20.95,25.73,11.41,25.51,291.03
10/10/2020,14:05:19,20.99,25.79,11.51,25.49,293.42
10/10/2020,14:05:29,20.95,25.81,11.61,25.5,296.12
10/10/2020,14:05:40,20.89,25.79,11.66,25.5,297.34
10/10/2020,14:05:50,20.85,25.85,11.76,25.48,299.79
10/10/2020,14:06:00,20.85,25.81,11.76,25.46,299.54
10/10/2020,14:06:11,20.89,25.87,11.71,25.47,298.38
10/10/2020,14:06:21,20.91,25.87,11.71,25.47,298.38
10/10/2020,14:06:31,20.95,25.75,11.71,25.46,298.19
10/10/2020,14:06:42,20.99,25.85,11.71,25.47,298.32
10/10/2020,14:06:52,21.03,25.93,11.76,25.45,299.41
10/10/2020,14:07:03,21.01,25.91,11.81,25.46,300.83
10/10/2020,14:07:13,21.07,25.87,11.86,25.48,302.3
10/10/2020,14:07:23,21.05,25.93,11.81,25.47,300.95
10/10/2020,14:07:34,21.05,25.85,11.81,25.47,300.89
10/10/2020,14:07:44,21.15,25.91,11.71,25.48,298.5
10/10/2020,14:07:54,21.15,25.87,11.76,25.5,299.92
10/10/2020,14:08:05,21.17,25.87,11.66,25.5,297.34
10/10/2020,14:08:15,21.15,25.87,11.51,25.5,293.54
10/10/2020,14:08:25,21.21,25.87,11.51,25.5,293.54
10/10/2020,14:08:36,21.17,25.85,11.66,25.51,297.47
10/10/2020,14:08:46,21.15,25.79,11.66,25.51,297.47
10/10/2020,14:08:56,21.15,25.91,11.46,25.51,292.32
10/10/2020,14:09:07,21.15,25.85,11.46,25.51,292.38
10/10/2020,14:09:17,21.11,25.87,11.56,25.51,294.89
10/10/2020,14:09:27,21.09,25.85,11.11,25.53,283.6
10/10/2020,14:09:38,21.03,25.99,11.41,25.53,291.33
10/10/2020,14:09:48,21.07,25.93,11.11,25.55,283.77
10/10/2020,14:09:58,21.07,25.85,11.21,25.57,286.53
10/10/2020,14:10:09,21.01,25.91,11.16,25.56,285.18
10/10/2020,14:10:19,21.01,25.99,11.21,25.58,286.71
10/10/2020,14:10:29,20.99,25.97,11.11,25.61,284.49
10/10/2020,14:10:40,21.01,26.09,10.96,25.61,280.55
10/10/2020,14:10:50,21.03,25.97,10.91,25.64,279.6
10/10/2020,14:11:01,21.07,25.93,10.7,25.66,274.65
10/10/2020,14:11:11,21.07,25.93,10.85,25.68,278.72
10/10/2020,14:11:21,21.07,26.03,10.75,25.69,276.24
10/10/2020,14:11:32,21.07,25.97,10.65,25.7,273.81
10/10/2020,14:11:42,21.05,25.99,10.75,25.71,276.53
10/10/2020,14:11:52,21.03,25.99,10.55,25.72,271.39
10/10/2020,14:12:03,20.93,25.87,10.6,25.72,272.69
10/10/2020,14:12:13,20.87,26.05,10.75,25.72,276.58
10/10/2020,14:12:23,20.83,26.03,10.55,25.72,271.39
10/10/2020,14:12:34,20.81,26.03,10.7,25.72,275.28
10/10/2020,14:12:44,20.71,25.91,10.7,25.72,275.28
10/10/2020,14:12:54,20.59,25.91,10.7,25.72,275.28
10/10/2020,14:13:05,20.61,26.15,10.55,25.72,271.39
10/10/2020,14:13:15,20.57,26.09,10.65,25.72,273.99
10/10/2020,14:13:25,20.57,26.17,10.65,25.72,273.99
10/10/2020,14:13:36,20.65,26.05,10.6,25.71,272.63
10/10/2020,14:13:46,20.69,26.03,10.75,25.7,276.35
10/10/2020,14:13:56,20.79,26.15,10.7,25.72,275.28
10/10/2020,14:14:07,20.79,26.09,10.75,25.72,276.58
10/10/2020,14:14:17,20.81,26.03,10.85,25.7,279.01
10/10/2020,14:14:28,20.81,26.05,10.5,25.69,269.81
10/10/2020,14:14:38,20.85,26.11,10.65,25.71,273.93
10/10/2020,14:14:48,20.87,26.11,10.85,25.68,278.77
10/10/2020,14:14:59,20.89,26.11,10.8,25.68,277.48
10/10/2020,14:15:09,20.91,26.05,10.65,25.69,273.7
10/10/2020,14:15:19,20.95,26.03,10.7,25.67,274.77
10/10/2020,14:15:30,20.99,26.03,10.91,25.67,279.9
10/10/2020,14:15:40,21.01,26.05,10.91,25.68,280.07
10/10/2020,14:15:50,21.05,26.11,10.96,25.67,281.19
10/10/2020,14:16:01,21.03,26.05,10.8,25.67,277.36
10/10/2020,14:16:11,21.11,26.15,10.91,25.67,279.9
10/10/2020,14:16:21,21.11,26.03,10.91,25.67,279.9
10/10/2020,14:16:32,21.15,26.09,10.85,25.67,278.66
10/10/2020,14:16:42,21.17,26.05,10.91,25.67,279.9
10/10/2020,14:16:52,21.21,25.99,10.91,25.66,279.84
10/10/2020,14:17:03,21.23,26.09,10.91,25.67,279.9
10/10/2020,14:17:13,21.27,25.99,10.75,25.67,276.07
10/10/2020,14:17:23,21.29,26.05,10.85,25.67,278.66
10/10/2020,14:17:34,21.31,25.99,10.85,25.69,278.89
10/10/2020,14:17:44,21.35,26.03,10.75,25.72,276.58
10/10/2020,14:17:55,21.37,26.09,10.85,25.71,279.12
10/10/2020,14:18:05,21.37,25.99,10.8,25.71,277.82
10/10/2020,14:18:15,21.37,25.99,10.55,25.72,271.39
10/10/2020,14:18:26,21.39,26.05,10.65,25.73,274.1
10/10/2020,14:18:36,21.39,26.05,10.6,25.74,272.91
10/10/2020,14:18:46,21.35,26.11,10.45,25.76,269.24
10/10/2020,14:18:57,21.31,26.11,10.45,25.78,269.41
10/10/2020,14:19:07,21.31,26.17,10.45,25.79,269.52
10/10/2020,14:19:17,21.23,26.11,10.2,25.82,263.33
10/10/2020,14:19:28,21.15,26.11,10.1,25.83,260.78
10/10/2020,14:19:38,21.13,26.09,10.15,25.85,262.35
10/10/2020,14:19:48,21.03,26.11,10.2,25.88,263.88
10/10/2020,14:19:59,21.03,26.17,10.05,25.89,260.07
10/10/2020,14:20:09,21.01,26.17,10.05,25.89,260.07
10/10/2020,14:20:19,20.95,26.21,9.84,25.89,254.89
10/10/2020,14:20:30,20.91,26.15,10.05,25.89,260.12
10/10/2020,14:20:40,20.99,26.17,9.9,25.92,256.46
10/10/2020,14:20:50,20.99,26.21,10.05,25.93,260.55
10/10/2020,14:21:01,21.01,26.11,9.79,25.93,253.95
10/10/2020,14:21:11,20.95,26.05,9.84,25.93,255.31
10/10/2020,14:21:21,20.99,26.27,9.69,25.93,251.33
10/10/2020,14:21:32,21.03,26.21,9.79,25.93,254
10/10/2020,14:21:42,21.05,26.15,9.69,25.93,251.38
10/10/2020,14:21:53,20.99,26.09,9.69,25.94,251.43
10/10/2020,14:22:03,20.89,26.15,9.64,25.93,250.07
10/10/2020,14:22:13,20.85,26.23,9.69,25.93,251.38
10/10/2020,14:22:24,20.81,26.17,9.74,25.93,252.69
10/10/2020,14:22:34,20.83,26.27,9.54,25.93,247.45
10/10/2020,14:22:44,20.83,26.31,9.54,25.93,247.45
10/10/2020,14:22:55,20.83,26.27,9.44,25.93,244.83
10/10/2020,14:23:05,20.77,26.03,9.69,25.93,251.38
10/10/2020,14:23:15,20.63,26.23,9.69,25.94,251.43
10/10/2020,14:23:26,20.59,26.37,9.74,25.94,252.74
10/10/2020,14:23:36,20.55,26.29,9.54,25.95,247.61
10/10/2020,14:23:46,20.55,26.37,9.69,25.94,251.48
10/10/2020,14:23:57,20.55,26.23,9.54,25.94,247.55
10/10/2020,14:24:07,20.55,26.31,9.29,25.96,241.15
10/10/2020,14:24:17,20.53,26.27,9.54,25.96,247.71
10/10/2020,14:24:28,20.49,26.29,9.64,25.97,250.38
10/10/2020,14:24:38,20.49,26.37,9.14,25.96,237.22
10/10/2020,14:24:48,20.45,26.35,9.29,25.98,241.3
10/10/2020,14:24:59,20.43,26.35,9.54,25.99,248.01
10/10/2020,14:25:09,20.45,26.37,9.34,25.98,242.66
10/10/2020,14:25:20,20.45,26.37,9.29,25.99,241.45
10/10/2020,14:25:30,20.45,26.37,9.29,25.98,241.35
10/10/2020,14:25:40,20.47,26.47,9.44,25.99,245.34
10/10/2020,14:25:51,20.49,26.41,9.34,26,242.81
10/10/2020,14:26:01,20.47,26.31,9.29,26,241.5
10/10/2020,14:26:11,20.47,26.31,9.34,26.01,242.96
10/10/2020,14:26:22,20.49,26.37,9.29,26,241.5
10/10/2020,14:26:32,20.53,26.35,9.24,26.01,240.29
10/10/2020,14:26:42,20.53,26.47,9.29,26.01,241.6
10/10/2020,14:26:53,20.57,26.35,9.24,26.01,240.29
10/10/2020,14:27:03,20.57,26.35,9.29,26.04,241.85
10/10/2020,14:27:13,20.57,26.37,9.29,26,241.55
10/10/2020,14:27:24,20.59,26.23,9.29,26.03,241.75
10/10/2020,14:27:34,20.57,26.41,9.29,26.03,241.8
10/10/2020,14:27:44,20.53,26.27,9.29,26.04,241.85
10/10/2020,14:27:55,20.49,26.47,9.29,26.04,241.85
10/10/2020,14:28:05,20.53,26.41,9.14,26.04,237.9
10/10/2020,14:28:15,20.47,26.47,9.14,26.04,237.9
10/10/2020,14:28:26,20.53,26.43,9.24,26.03,240.48
10/10/2020,14:28:36,20.53,26.35,9.04,26.05,235.42
10/10/2020,14:28:47,20.47,26.37,9.14,26.04,237.9
10/10/2020,14:28:57,20.49,26.41,8.99,26.05,234.06
10/10/2020,14:29:07,20.47,26.43,9.09,26.04,236.64
10/10/2020,14:29:18,20.47,26.31,9.24,26.05,240.68
10/10/2020,14:29:28,20.59,26.41,9.14,26.05,238
10/10/2020,14:29:38,20.61,26.41,9.14,26.05,238.05
10/10/2020,14:29:49,20.63,26.29,9.14,26.05,238
10/10/2020,14:29:59,20.69,26.43,9.19,26.05,239.37
10/10/2020,14:30:09,20.67,26.31,8.99,26.05,234.1
10/10/2020,14:30:20,20.69,26.29,9.09,26.05,236.69
10/10/2020,14:30:30,20.71,26.31,9.04,26.05,235.37
10/10/2020,14:30:40,20.77,26.37,9.04,26.06,235.52
10/10/2020,14:30:51,20.79,26.21,9.29,26.05,242
10/10/2020,14:31:01,20.85,26.21,9.09,26.06,236.78
10/10/2020,14:31:11,20.89,26.17,8.94,26.06,232.84
10/10/2020,14:31:22,20.91,26.21,9.14,26.08,238.34
10/10/2020,14:31:32,20.93,26.23,9.09,26.08,237.03
10/10/2020,14:31:42,20.93,26.17,9.04,26.09,235.81
10/10/2020,14:31:53,20.93,26.17,8.94,26.12,233.36
10/10/2020,14:32:03,20.95,26.21,8.78,26.13,229.5
10/10/2020,14:32:13,20.93,26.23,8.73,26.15,228.37
10/10/2020,14:32:24,20.89,26.21,8.88,26.14,232.28
10/10/2020,14:32:34,20.93,26.29,8.83,26.15,231.01
10/10/2020,14:32:45,20.89,26.23,8.73,26.16,228.51
10/10/2020,14:32:55,20.89,26.17,8.63,26.18,225.96
10/10/2020,14:33:05,20.87,26.27,8.68,26.18,227.28
10/10/2020,14:33:16,20.87,26.31,8.58,26.2,224.86
10/10/2020,14:33:26,20.83,26.11,8.58,26.2,224.82
10/10/2020,14:33:36,20.81,26.21,8.38,26.21,219.62
10/10/2020,14:33:47,20.79,26.23,8.48,26.19,222.13
10/10/2020,14:33:57,20.83,26.17,8.58,26.23,225.09
10/10/2020,14:34:07,20.83,26.23,8.53,26.22,223.72
10/10/2020,14:34:20,20.75,26.15,8.48,26.22,222.4
10/10/2020,14:34:32,20.71,26.27,7.87,26.21,206.38
10/10/2020,14:34:43,20.69,26.27,7.87,26.21,206.38
10/10/2020,14:34:56,20.69,26.29,8.48,26.24,222.58
10/10/2020,14:35:14,20.75,26.29,7.72,26.22,202.53
10/10/2020,14:35:26,20.77,26.23,7.98,26.24,209.33
10/10/2020,14:35:40,20.79,26.15,8.43,26.28,221.57
10/10/2020,14:35:52,20.83,26.21,8.43,26.28,221.57
10/10/2020,14:36:03,20.83,26.21,8.13,26.29,213.65
10/10/2020,14:36:18,20.83,26.15,8.28,26.3,217.77
10/10/2020,14:36:29,20.83,25.99,8.33,26.3,219.05
10/10/2020,14:36:42,20.77,26.09,7.62,26.28,200.29
10/10/2020,14:37:00,20.59,26.23,8.18,26.31,215.2
10/10/2020,14:37:12,20.53,26.29,7.52,26.28,197.68
10/10/2020,14:37:24,20.49,26.23,8.38,26.3,220.42
10/10/2020,14:37:43,20.39,26.31,7.67,26.29,201.74
10/10/2020,14:37:54,20.43,26.23,8.13,26.31,213.82
10/10/2020,14:38:07,20.45,26.35,7.67,26.3,201.83
10/10/2020,14:38:18,20.43,26.27,7.57,26.28,199.01
10/10/2020,14:38:29,20.43,26.31,8.13,26.32,213.91
10/10/2020,14:38:40,20.45,26.41,8.23,26.31,216.53
10/10/2020,14:38:52,20.55,26.31,8.08,26.31,212.54
10/10/2020,14:39:08,20.63,26.29,7.67,26.28,201.62
10/10/2020,14:39:19,20.67,26.29,8.33,26.3,219.09
10/10/2020,14:39:33,20.67,26.31,8.33,26.29,219.01
10/10/2020,14:39:45,20.65,26.23,8.38,26.29,220.29
10/10/2020,14:39:59,20.63,26.31,8.03,26.3,211.08
10/10/2020,14:40:17,20.59,26.17,7.77,26.24,204.03
10/10/2020,14:40:29,20.55,26.23,7.93,26.27,208.17
10/10/2020,14:40:40,20.43,26.23,8.43,26.24,221.25
10/10/2020,14:40:56,20.39,26.15,8.43,26.26,221.35
10/10/2020,14:41:07,20.37,26.35,8.13,26.26,213.43
10/10/2020,14:41:24,20.41,26.31,8.38,26.25,219.97
10/10/2020,14:41:37,20.45,26.35,7.72,26.22,202.53
10/10/2020,14:41:49,20.43,26.27,7.87,26.22,206.47
10/10/2020,14:42:01,20.39,26.35,8.38,26.26,220.02
10/10/2020,14:42:12,20.37,26.35,7.82,26.22,205.14
10/10/2020,14:42:24,20.33,26.29,7.93,26.22,207.83
10/10/2020,14:42:35,20.31,26.29,8.38,26.25,219.97
10/10/2020,14:42:47,20.27,26.23,8.48,26.26,222.72
10/10/2020,14:43:03,20.27,26.41,7.87,26.22,206.47
10/10/2020,14:43:15,20.31,26.31,7.98,26.21,209.07
10/10/2020,14:43:27,20.27,26.23,7.87,26.23,206.55
10/10/2020,14:43:38,20.27,26.27,8.23,26.26,216.04
10/10/2020,14:43:50,20.23,26.23,7.77,26.21,203.78
10/10/2020,14:44:01,20.11,26.17,7.77,26.21,203.73
10/10/2020,14:44:13,20.03,26.27,7.87,26.24,206.63
10/10/2020,14:44:24,19.97,26.37,7.82,26.21,205.1
10/10/2020,14:44:35,20.01,26.43,8.43,26.26,221.35
10/10/2020,14:44:47,19.97,26.31,8.43,26.26,221.39
10/10/2020,14:44:58,20.01,26.35,8.48,26.25,222.63
10/10/2020,14:45:09,20.09,26.41,7.82,26.23,205.23
10/10/2020,14:45:20,20.13,26.27,7.87,26.22,206.51
10/10/2020,14:45:33,20.13,26.43,7.93,26.22,207.79
10/10/2020,14:45:44,20.09,26.37,8.48,26.26,222.72
10/10/2020,14:45:56,20.11,26.43,7.87,26.23,206.59
10/10/2020,14:46:07,20.17,26.43,7.82,26.23,205.27
10/10/2020,14:46:18,20.17,26.35,7.82,26.22,205.14
10/10/2020,14:46:29,20.19,26.37,7.82,26.23,205.23
10/10/2020,14:46:41,20.23,26.35,7.77,26.21,203.78
10/10/2020,14:46:52,20.31,26.31,7.87,26.22,206.51
10/10/2020,14:47:04,20.37,26.35,7.87,26.23,206.55
10/10/2020,14:47:15,20.43,26.27,7.87,26.22,206.47
10/10/2020,14:47:26,20.47,26.23,8.43,26.27,221.48
10/10/2020,14:47:38,20.55,26.23,8.48,26.26,222.67
10/10/2020,14:47:53,20.61,26.23,8.48,26.27,222.76
10/10/2020,14:48:12,20.61,26.23,8.18,26.27,214.85
10/10/2020,14:48:26,20.59,26.21,8.23,26.27,216.13
10/10/2020,14:48:40,20.63,26.29,8.43,26.24,221.25
10/10/2020,14:48:56,20.59,26.27,8.38,26.26,220.06
10/10/2020,14:49:12,20.57,26.27,8.48,26.27,222.81
10/10/2020,14:49:27,20.59,26.15,8.28,26.27,217.5
10/10/2020,14:49:56,20.61,26.27,8.43,26.26,221.35
10/10/2020,14:50:24,20.63,26.17,8.23,26.27,216.13
10/10/2020,14:50:43,20.57,26.23,8.18,26.26,214.76
10/10/2020,14:51:01,20.41,26.17,8.28,26.26,217.37
10/10/2020,14:51:30,20.33,26.23,8.43,26.28,221.53
10/10/2020,14:51:51,20.23,26.27,8.38,26.28,220.24
10/10/2020,14:52:08,20.17,26.35,8.33,26.28,218.92
10/10/2020,14:52:41,20.23,26.21,8.23,26.3,216.39
10/10/2020,14:52:57,20.23,26.15,8.13,26.3,213.74
10/10/2020,14:53:15,20.27,26.27,7.93,26.31,208.51
10/10/2020,14:53:32,20.17,26.17,8.18,26.35,215.5
10/10/2020,14:53:53,20.21,26.21,8.03,26.34,211.38
10/10/2020,14:54:11,20.25,26.21,7.93,26.35,208.85
10/10/2020,14:54:29,20.31,26.21,8.08,26.36,212.88
10/10/2020,14:54:44,20.35,26.31,7.82,26.36,206.27
10/10/2020,14:55:02,20.43,26.23,7.87,26.36,207.6
10/10/2020,14:55:25,20.49,26.11,7.87,26.36,207.6
10/10/2020,14:55:43,20.57,26.17,7.82,26.37,206.36
10/10/2020,14:55:58,20.49,26.09,7.67,26.37,202.32
10/10/2020,14:56:18,20.27,26.09,7.72,26.38,203.77
10/10/2020,14:56:29,20.19,26.23,7.67,26.39,202.48
10/10/2020,14:56:39,20.13,26.29,7.67,26.4,202.57
10/10/2020,14:56:49,20.11,26.15,7.72,26.38,203.77
10/10/2020,14:57:00,20.05,26.27,7.67,26.41,202.65
10/10/2020,14:57:10,20.11,26.31,7.32,26.38,193.12
10/10/2020,14:57:21,20.05,26.15,7.67,26.39,202.48
10/10/2020,14:57:31,20.09,26.21,7.67,26.39,202.52
10/10/2020,14:57:41,20.13,26.15,7.62,26.39,201.15
10/10/2020,14:57:52,20.11,26.23,7.77,26.41,205.27
10/10/2020,14:58:02,20.09,26.17,7.67,26.38,202.44
10/10/2020,14:58:12,20.17,26.27,7.62,26.39,201.19
10/10/2020,14:58:23,20.17,26.15,7.67,26.39,202.48
10/10/2020,14:58:33,20.17,26.17,7.67,26.38,202.4
10/10/2020,14:58:43,20.15,26.15,7.67,26.38,202.44
10/10/2020,14:58:54,20.09,26.11,7.72,26.37,203.65
10/10/2020,14:59:04,20.03,26.15,7.57,26.38,199.78
10/10/2020,14:59:14,20.05,26.23,7.67,26.39,202.52
10/10/2020,14:59:25,20.09,26.23,7.62,26.38,201.11
10/10/2020,14:59:35,20.09,26.27,7.67,26.37,202.36
10/10/2020,14:59:45,20.13,26.23,7.67,26.39,202.52
10/10/2020,14:59:56,20.03,26.03,7.77,26.41,205.27
10/10/2020,15:00:06,20.03,26.17,7.57,26.41,199.94
10/10/2020,15:00:16,20.03,26.17,7.62,26.41,201.31
10/10/2020,15:00:27,20.01,26.09,7.37,26.41,194.61
10/10/2020,15:00:37,20.05,26.27,7.47,26.42,197.35
10/10/2020,15:00:47,20.05,26.15,7.57,26.42,200.06
10/10/2020,15:00:58,20.11,26.23,7.57,26.43,200.1
10/10/2020,15:01:08,20.13,26.21,7.47,26.43,197.43
10/10/2020,15:01:19,20.05,26.05,7.32,26.42,193.39
10/10/2020,15:01:29,20.05,26.09,7.67,26.42,202.69
10/10/2020,15:01:39,20.05,26.17,7.47,26.41,197.31
10/10/2020,15:01:50,20.03,26.17,7.62,26.44,201.52
10/10/2020,15:02:00,19.97,25.97,7.37,26.45,194.96
10/10/2020,15:02:10,19.93,25.97,7.52,26.44,198.85
10/10/2020,15:02:21,19.89,26.21,7.57,26.45,200.26
10/10/2020,15:02:31,19.89,26.15,7.52,26.45,198.93
10/10/2020,15:02:41,19.91,26.23,7.47,26.44,197.51
10/10/2020,15:02:52,19.93,26.23,7.47,26.44,197.55
10/10/2020,15:03:02,19.91,26.15,7.32,26.47,193.74
10/10/2020,15:03:12,19.97,26.11,7.12,26.47,188.39
10/10/2020,15:03:23,19.99,26.03,7.42,26.47,196.42
10/10/2020,15:03:33,20.01,26.11,7.12,26.47,188.43
10/10/2020,15:03:43,20.09,26.09,7.27,26.49,192.56
10/10/2020,15:03:54,20.09,26.05,7.27,26.5,192.6
10/10/2020,15:04:04,19.93,25.97,7.32,26.5,193.98
10/10/2020,15:04:18,19.89,26.09,7.27,26.52,192.79
10/10/2020,15:04:29,19.89,26.11,6.92,26.52,183.42
10/10/2020,15:04:46,19.87,26.15,7.02,26.55,186.28
10/10/2020,15:05:03,19.93,26.21,7.02,26.53,186.13
10/10/2020,15:05:21,20.01,26.09,6.97,26.56,185.02
10/10/2020,15:05:39,20.11,26.03,6.97,26.57,185.09
10/10/2020,15:05:52,20.17,25.97,7.07,26.58,187.81
10/10/2020,15:06:07,20.13,26.05,7.07,26.58,187.81
10/10/2020,15:06:25,20.21,25.99,6.86,26.58,182.48
10/10/2020,15:06:43,20.31,25.97,6.86,26.59,182.56
10/10/2020,15:07:01,20.25,25.97,6.97,26.59,185.2
10/10/2020,15:07:19,20.25,25.97,6.86,26.61,182.7
10/10/2020,15:07:37,20.21,26.05,6.86,26.63,182.81
10/10/2020,15:07:53,20.23,26.03,6.71,26.63,178.78
10/10/2020,15:08:07,20.23,26.03,6.71,26.63,178.78
10/10/2020,15:08:24,20.23,25.99,6.76,26.64,180.2
10/10/2020,15:08:42,20.27,25.97,6.61,26.66,176.27
10/10/2020,15:08:57,20.31,25.93,6.46,26.67,172.33
10/10/2020,15:09:14,20.33,25.97,6.61,26.68,176.41
10/10/2020,15:09:28,20.31,25.93,6.51,26.68,173.75
10/10/2020,15:09:44,20.31,25.79,6.56,26.69,175.13
10/10/2020,15:10:01,20.25,25.85,6.46,26.72,172.64
10/10/2020,15:10:17,20.23,25.97,6.46,26.72,172.64
10/10/2020,15:10:33,20.17,25.93,6.41,26.74,171.43
10/10/2020,15:10:50,20.17,25.87,6.46,26.73,172.68
10/10/2020,15:11:06,20.11,25.87,6.26,26.74,167.38
10/10/2020,15:11:25,20.03,25.93,6.41,26.75,171.5
10/10/2020,15:11:43,19.97,25.85,6.36,26.75,170.15
10/10/2020,15:11:54,19.95,25.93,6.26,26.76,167.48
10/10/2020,15:12:05,19.97,25.97,6.36,26.77,170.25
10/10/2020,15:12:15,19.97,25.97,6.41,26.77,171.6
10/10/2020,15:12:25,19.97,25.91,6.16,26.78,164.94
10/10/2020,15:12:36,19.99,25.99,6.21,26.77,166.23
10/10/2020,15:12:46,19.99,25.93,6.36,26.77,170.25
10/10/2020,15:12:56,19.99,25.85,6.26,26.77,167.58
10/10/2020,15:13:07,19.91,25.93,6.31,26.78,168.97
10/10/2020,15:13:17,19.87,25.97,6.36,26.78,170.32
10/10/2020,15:13:27,19.79,25.97,6.31,26.78,169
10/10/2020,15:13:38,19.75,25.99,6.21,26.78,166.26
10/10/2020,15:13:48,19.75,25.81,6.06,26.78,162.2
10/10/2020,15:13:58,19.73,25.87,6.26,26.78,167.65
10/10/2020,15:14:09,19.73,25.87,6.41,26.78,171.7
10/10/2020,15:14:19,19.77,25.99,6.21,26.78,166.26
10/10/2020,15:14:29,19.77,25.97,6.21,26.78,166.29
10/10/2020,15:14:40,19.77,25.97,6.26,26.77,167.58
10/10/2020,15:14:50,19.81,25.87,6.26,26.78,167.65
10/10/2020,15:15:00,19.83,25.97,5.8,26.78,155.47
10/10/2020,15:15:11,19.81,25.79,6.21,26.79,166.33
10/10/2020,15:15:21,19.81,25.87,6.16,26.78,164.94
10/10/2020,15:15:32,19.79,25.85,6.16,26.79,164.97
10/10/2020,15:15:42,19.75,25.81,6.11,26.79,163.62
10/10/2020,15:15:52,19.75,25.81,6.26,26.79,167.68
10/10/2020,15:16:03,19.75,25.93,6.26,26.79,167.68
10/10/2020,15:16:13,19.73,25.93,6.21,26.79,166.33
10/10/2020,15:16:23,19.75,25.93,6.21,26.79,166.33
10/10/2020,15:16:34,19.77,25.87,6.11,26.79,163.62
10/10/2020,15:16:44,19.77,25.81,6.06,26.79,162.27
10/10/2020,15:16:54,19.77,25.93,6.16,26.79,164.97
10/10/2020,15:17:05,19.75,25.81,6.06,26.79,162.27
10/10/2020,15:17:15,19.75,25.87,6.06,26.79,162.27
10/10/2020,15:17:25,19.73,25.81,6.21,26.79,166.33
10/10/2020,15:17:36,19.77,25.79,6.21,26.79,166.33
10/10/2020,15:17:46,19.75,25.87,6.06,26.79,162.27
10/10/2020,15:17:56,19.79,25.87,6.16,26.79,164.97
10/10/2020,15:18:07,19.75,25.73,6.21,26.79,166.33
10/10/2020,15:18:17,19.77,25.87,6.11,26.79,163.62
10/10/2020,15:18:27,19.75,25.87,6.31,26.79,169.03
10/10/2020,15:18:38,19.65,25.81,6.11,26.79,163.62
10/10/2020,15:18:48,19.59,25.91,6.21,26.79,166.33
10/10/2020,15:18:58,19.61,25.81,6.11,26.78,163.59
10/10/2020,15:19:09,19.59,25.75,6.16,26.78,164.94
10/10/2020,15:19:19,19.55,25.87,6.11,26.77,163.52
10/10/2020,15:19:30,19.57,25.81,6.31,26.77,168.93
10/10/2020,15:19:40,19.51,25.59,6.21,26.78,166.26
10/10/2020,15:19:50,19.33,25.73,6.21,26.77,166.19
10/10/2020,15:20:01,19.27,25.69,6.31,26.77,168.93
10/10/2020,15:20:11,19.21,25.61,6.21,26.77,166.23
10/10/2020,15:20:21,19.21,25.85,6.16,26.76,164.81
10/10/2020,15:20:32,19.23,25.81,6.26,26.77,167.55
10/10/2020,15:20:42,19.25,25.75,6.21,26.77,166.23
10/10/2020,15:20:52,19.25,25.75,6.26,26.79,167.68
10/10/2020,15:21:03,19.33,25.79,6.16,26.78,164.91
10/10/2020,15:21:13,19.39,25.73,6.11,26.78,163.59
10/10/2020,15:21:23,19.43,25.73,6.16,26.78,164.91
10/10/2020,15:21:34,19.45,25.75,6.31,26.79,169.03
10/10/2020,15:21:44,19.47,25.79,6.26,26.79,167.68
10/10/2020,15:21:54,19.47,25.81,5.91,26.79,158.21
10/10/2020,15:22:05,19.51,25.63,6.06,26.79,162.27
10/10/2020,15:22:15,19.55,25.81,6.06,26.79,162.27
10/10/2020,15:22:25,19.57,25.73,6.11,26.79,163.62
10/10/2020,15:22:36,19.65,25.75,6.11,26.79,163.62
10/10/2020,15:22:46,19.71,25.79,6.21,26.79,166.33
10/10/2020,15:22:57,19.75,25.75,5.86,26.79,156.86
10/10/2020,15:23:07,19.77,25.59,6.06,26.78,162.24
10/10/2020,15:23:17,19.75,25.63,6.11,26.79,163.62
10/10/2020,15:23:28,19.77,25.59,6.06,26.79,162.27
10/10/2020,15:23:38,19.81,25.67,6.11,26.79,163.62
10/10/2020,15:23:48,19.81,25.61,6.06,26.78,162.24
10/10/2020,15:23:59,19.81,25.67,6.26,26.79,167.68
10/10/2020,15:24:09,19.87,25.67,6.11,26.79,163.62
10/10/2020,15:24:19,19.87,25.67,6.06,26.78,162.2
10/10/2020,15:24:30,19.83,25.55,6.21,26.79,166.33
10/10/2020,15:24:40,19.93,25.61,6.06,26.78,162.24
10/10/2020,15:24:50,19.93,25.55,6.11,26.79,163.62
10/10/2020,15:25:01,19.91,25.61,6.21,26.78,166.29
10/10/2020,15:25:11,19.95,25.59,6.06,26.79,162.27
10/10/2020,15:25:21,19.99,25.61,6.21,26.79,166.33
10/10/2020,15:25:32,19.97,25.55,6.26,26.79,167.68
10/10/2020,15:25:42,19.99,25.67,6.06,26.79,162.27
10/10/2020,15:25:52,19.97,25.61,6.11,26.79,163.62
10/10/2020,15:26:03,19.99,25.61,6.26,26.78,167.65
10/10/2020,15:26:13,19.99,25.47,6.06,26.79,162.27
10/10/2020,15:26:23,20.01,25.53,6.21,26.79,166.33
10/10/2020,15:26:34,20.03,25.53,6.16,26.79,164.97
10/10/2020,15:26:44,20.05,25.49,6.06,26.79,162.27
10/10/2020,15:26:55,20.09,25.53,6.06,26.79,162.27
10/10/2020,15:27:05,20.05,25.49,6.06,26.79,162.27
10/10/2020,15:27:15,20.11,25.55,6.16,26.79,164.97
10/10/2020,15:27:26,20.11,25.43,5.91,26.79,158.21
10/10/2020,15:27:36,20.13,25.43,6.06,26.79,162.27
10/10/2020,15:27:46,20.13,25.41,6.06,26.79,162.27
10/10/2020,15:27:57,20.15,25.37,6.01,26.79,160.92
10/10/2020,15:28:07,20.15,25.43,6.01,26.79,160.92
10/10/2020,15:28:17,20.13,25.31,5.96,26.79,159.56
10/10/2020,15:28:28,20.15,25.41,6.06,26.79,162.27
10/10/2020,15:28:38,20.15,25.43,6.11,26.79,163.62
10/10/2020,15:28:48,20.17,25.31,6.06,26.79,162.27
10/10/2020,15:28:59,20.15,25.31,6.16,26.79,164.97
10/10/2020,15:29:09,20.17,25.43,6.06,26.79,162.27
10/10/2020,15:29:19,20.15,25.41,6.16,26.79,164.97
10/10/2020,15:29:30,20.15,25.37,6.06,26.79,162.27
10/10/2020,15:29:40,20.17,25.41,6.01,26.79,160.92
10/10/2020,15:29:50,20.15,25.31,6.21,26.79,166.33
10/10/2020,15:30:01,20.15,25.37,6.11,26.79,163.62
10/10/2020,15:30:11,20.13,25.31,6.21,26.79,166.33
10/10/2020,15:30:21,20.15,25.37,6.06,26.79,162.27
10/10/2020,15:30:32,20.13,25.29,6.11,26.78,163.59
10/10/2020,15:30:42,20.15,25.37,5.86,26.79,156.86
10/10/2020,15:30:53,20.15,25.31,6.16,26.79,164.97
10/10/2020,15:31:03,20.17,25.31,6.06,26.79,162.27
10/10/2020,15:31:13,20.17,25.31,6.16,26.79,164.97
10/10/2020,15:31:24,20.17,25.31,5.91,26.8,158.24
10/10/2020,15:31:34,20.19,25.35,6.01,26.79,160.92
10/10/2020,15:31:44,20.19,25.35,6.11,26.79,163.62
10/10/2020,15:31:55,20.23,25.29,6.01,26.78,160.88
10/10/2020,15:32:05,20.19,25.19,6.16,26.79,164.97
10/10/2020,15:32:15,20.15,25.29,6.21,26.78,166.29
10/10/2020,15:32:26,20.11,25.29,6.16,26.78,164.94
10/10/2020,15:32:36,20.11,25.29,6.21,26.79,166.33
10/10/2020,15:32:46,20.09,25.25,6.11,26.78,163.56
10/10/2020,15:32:57,20.03,25.31,6.06,26.78,162.2
10/10/2020,15:33:07,20.05,25.35,6.21,26.76,166.16
10/10/2020,15:33:17,20.09,25.29,6.26,26.78,167.65
10/10/2020,15:33:28,20.09,25.23,6.21,26.78,166.26
10/10/2020,15:33:38,20.09,25.25,6.36,26.77,170.25
10/10/2020,15:33:48,20.05,25.23,6.21,26.77,166.19
10/10/2020,15:33:59,20.09,25.25,6.31,26.77,168.9
10/10/2020,15:34:09,20.13,25.29,6.26,26.76,167.51
10/10/2020,15:34:20,20.09,25.35,6.26,26.76,167.48
10/10/2020,15:34:30,20.15,25.23,6.31,26.77,168.9
10/10/2020,15:34:40,20.13,25.25,6.11,26.75,163.39
10/10/2020,15:34:51,20.11,25.23,6.26,26.75,167.45
10/10/2020,15:35:01,20.17,25.29,6.36,26.76,170.18
10/10/2020,15:35:11,20.13,25.23,6.36,26.76,170.22
10/10/2020,15:35:22,20.15,25.25,6.26,26.74,167.38
10/10/2020,15:35:32,20.09,25.25,6.16,26.75,164.71
10/10/2020,15:35:42,20.05,25.35,6.26,26.75,167.41
10/10/2020,15:35:53,20.03,25.29,6.21,26.74,166.03
10/10/2020,15:36:03,20.09,25.29,6.31,26.74,168.7
10/10/2020,15:36:13,20.03,25.23,6.36,26.75,170.11
10/10/2020,15:36:24,20.09,25.23,6.31,26.74,168.73
10/10/2020,15:36:34,20.11,25.31,6.31,26.75,168.8
10/10/2020,15:36:44,20.03,25.19,5.91,26.74,157.89
10/10/2020,15:36:55,19.97,25.29,6.31,26.74,168.73
10/10/2020,15:37:05,19.93,25.41,6.21,26.75,166.06
10/10/2020,15:37:15,19.91,25.29,6.21,26.76,166.16
10/10/2020,15:37:26,19.89,25.31,6.21,26.74,166.03
10/10/2020,15:37:36,19.87,25.31,6.26,26.74,167.38
10/10/2020,15:37:46,19.87,25.23,6.21,26.76,166.13
10/10/2020,15:37:57,19.87,25.23,6.21,26.77,166.23
10/10/2020,15:38:07,19.81,25.19,6.16,26.78,164.91
10/10/2020,15:38:18,19.79,25.29,6.11,26.77,163.52
10/10/2020,15:38:28,19.75,25.25,6.11,26.77,163.49
10/10/2020,15:38:38,19.77,25.25,6.11,26.79,163.62
10/10/2020,15:38:49,19.79,25.29,6.11,26.78,163.59
10/10/2020,15:38:59,19.77,25.25,6.06,26.79,162.27
10/10/2020,15:39:09,19.75,25.37,6.16,26.79,164.97
10/10/2020,15:39:20,19.73,25.25,6.06,26.78,162.24
10/10/2020,15:39:30,19.75,25.29,6.11,26.79,163.62
10/10/2020,15:39:40,19.75,25.29,6.11,26.79,163.62
10/10/2020,15:39:51,19.73,25.35,5.96,26.78,159.53
10/10/2020,15:40:01,19.73,25.37,6.06,26.79,162.27
10/10/2020,15:40:11,19.77,25.25,6.16,26.79,164.97
10/10/2020,15:40:22,19.71,25.23,5.96,26.79,159.56
10/10/2020,15:40:32,19.73,25.37,6.01,26.79,160.92
10/10/2020,15:40:42,19.75,25.25,6.11,26.79,163.62
10/10/2020,15:40:53,19.69,25.35,6.06,26.79,162.27
10/10/2020,15:41:03,19.67,25.19,5.86,26.79,156.86
10/10/2020,15:41:13,19.67,25.31,6.01,26.79,160.92
10/10/2020,15:41:24,19.69,25.35,5.91,26.79,158.21
10/10/2020,15:41:34,19.67,25.31,6.06,26.8,162.3
10/10/2020,15:41:45,19.67,25.37,6.06,26.8,162.3
10/10/2020,15:41:55,19.65,25.29,5.91,26.79,158.21
10/10/2020,15:42:05,19.69,25.35,6.06,26.79,162.27
10/10/2020,15:42:16,19.73,25.35,6.01,26.79,160.92
10/10/2020,15:42:26,19.71,25.31,6.06,26.8,162.3
10/10/2020,15:42:36,19.69,25.17,6.01,26.8,160.95
10/10/2020,15:42:47,19.67,25.17,5.86,26.8,156.89
10/10/2020,15:42:57,19.67,25.31,6.06,26.8,162.3
10/10/2020,15:43:07,19.69,25.19,5.86,26.8,156.89
10/10/2020,15:43:18,19.67,25.31,5.8,26.8,155.53
10/10/2020,15:43:28,19.67,25.31,5.96,26.8,159.59
10/10/2020,15:43:38,19.65,25.25,5.91,26.8,158.24
10/10/2020,15:43:49,19.65,25.19,6.06,26.8,162.33
10/10/2020,15:43:59,19.65,25.17,6.01,26.79,160.92
10/10/2020,15:44:09,19.67,25.17,6.06,26.79,162.27
10/10/2020,15:44:20,19.67,25.13,6.11,26.79,163.62
10/10/2020,15:44:30,19.71,25.17,5.86,26.81,156.98
10/10/2020,15:44:40,19.71,25.17,6.01,26.79,160.92
10/10/2020,15:44:51,19.69,25.17,6.06,26.8,162.3
10/10/2020,15:45:01,19.75,25.13,6.06,26.79,162.27
10/10/2020,15:45:11,19.73,25.17,5.86,26.8,156.89
10/10/2020,15:45:22,19.73,25.17,5.91,26.8,158.24
10/10/2020,15:45:32,19.73,25.19,5.75,26.82,154.3
10/10/2020,15:45:43,19.69,25.05,6.06,26.8,162.33
10/10/2020,15:45:53,19.65,25.11,5.8,26.8,155.57
10/10/2020,15:46:03,19.59,25.25,5.86,26.83,157.11
10/10/2020,15:46:14,19.59,25.25,5.8,26.82,155.66
10/10/2020,15:46:24,19.57,25.23,5.86,26.83,157.11
10/10/2020,15:46:34,19.53,25.23,5.8,26.82,155.66
10/10/2020,15:46:45,19.53,25.25,5.7,26.82,152.98
10/10/2020,15:46:55,19.51,25.13,5.86,26.83,157.08
10/10/2020,15:47:05,19.51,25.17,5.86,26.83,157.11
10/10/2020,15:47:16,19.49,25.13,5.75,26.84,154.46
10/10/2020,15:47:26,19.55,25.23,5.65,26.82,151.63
10/10/2020,15:47:36,19.55,25.11,5.65,26.84,151.75
10/10/2020,15:47:47,19.59,25.01,5.8,26.84,155.78
10/10/2020,15:47:57,19.59,25.11,6.01,26.84,161.2
10/10/2020,15:48:07,19.65,25.17,5.8,26.84,155.81
10/10/2020,15:48:19,19.59,25.11,5.2,26.81,139.38
10/10/2020,15:48:33,19.61,25.13,5.2,26.8,139.32
10/10/2020,15:48:45,19.57,25.01,5.2,26.8,139.3
10/10/2020,15:49:00,19.65,24.93,5.25,26.82,140.79
10/10/2020,15:49:12,19.69,24.99,5.35,26.8,143.38
10/10/2020,15:49:23,19.71,25.05,5.91,26.82,158.37
10/10/2020,15:49:35,19.75,25.05,5.8,26.83,155.75
10/10/2020,15:50:03,19.59,25.05,5.86,26.84,157.14
10/10/2020,15:50:14,19.49,24.99,5.75,26.82,154.3
10/10/2020,15:50:24,19.47,25.01,5.7,26.83,153.04
10/10/2020,15:50:35,19.49,25.11,5.75,26.82,154.34
10/10/2020,15:50:45,19.43,25.07,5.8,26.83,155.72
10/10/2020,15:50:55,19.39,25.01,5.8,26.82,155.66
10/10/2020,15:51:06,19.43,25.07,5.65,26.84,151.72
10/10/2020,15:51:16,19.45,25.05,5.8,26.82,155.69
10/10/2020,15:51:26,19.45,25.07,5.96,26.83,159.82
10/10/2020,15:51:37,19.45,24.93,5.86,26.83,157.08
10/10/2020,15:51:47,19.49,25.01,5.8,26.83,155.75
10/10/2020,15:51:57,19.51,24.83,5.8,26.81,155.6
10/10/2020,15:52:08,19.51,24.87,5.75,26.83,154.4
10/10/2020,15:52:18,19.49,24.99,5.96,26.8,159.63
10/10/2020,15:52:28,19.53,25.05,5.86,26.81,156.98
10/10/2020,15:52:39,19.53,25.05,6.06,26.82,162.43
10/10/2020,15:52:49,19.55,25.01,5.91,26.81,158.3
10/10/2020,15:53:20,19.49,24.95,5.91,26.82,158.4
10/10/2020,15:53:42,19.51,25.05,5.8,26.79,155.5
10/10/2020,15:54:01,19.51,25.01,5.4,26.79,144.68
10/10/2020,15:54:17,19.47,24.99,6.06,26.81,162.37
10/10/2020,15:54:40,19.47,24.95,5.86,26.8,156.89
10/10/2020,15:54:58,19.49,24.93,5.3,26.79,141.97
10/10/2020,15:55:13,19.47,24.87,5.25,26.79,140.62
10/10/2020,15:55:29,19.51,24.87,5.35,26.79,143.33
10/10/2020,15:55:41,19.55,24.93,6.06,26.79,162.27
10/10/2020,15:55:52,19.61,24.89,6.06,26.79,162.27
10/10/2020,15:56:21,19.69,24.87,6.01,26.79,160.92
10/10/2020,15:56:35,19.67,24.81,5.91,26.8,158.27
10/10/2020,15:56:45,19.61,24.81,7.98,26.89,214.45
10/10/2020,15:56:59,19.67,24.95,5.8,26.8,155.53
10/10/2020,15:57:13,19.69,24.75,5.91,26.8,158.24
10/10/2020,15:57:23,19.61,24.75,5.91,26.81,158.3
10/10/2020,15:57:37,19.65,24.83,5.7,26.8,152.83
10/10/2020,15:57:51,19.65,24.93,5.96,26.81,159.66
10/10/2020,15:58:01,19.59,24.95,6.06,26.84,162.59
10/10/2020,15:58:15,19.59,24.87,5.96,26.8,159.59
10/10/2020,15:58:29,19.57,24.87,5.8,26.92,156.25
10/10/2020,15:58:39,19.59,24.87,5.91,26.79,158.21
10/10/2020,15:59:04,19.65,24.81,5.25,26.79,140.62
10/10/2020,15:59:17,19.65,24.81,5.3,26.79,141.97
10/10/2020,15:59:35,19.65,24.81,5.25,26.79,140.62
10/10/2020,15:59:45,19.67,24.87,5.65,26.8,151.48
10/10/2020,16:00:01,19.69,24.71,6.06,26.8,162.33
10/10/2020,16:00:28,19.57,24.75,5.86,26.81,156.95
10/10/2020,16:00:49,19.47,24.87,5.8,26.82,155.66
10/10/2020,16:01:04,19.45,24.89,5.86,26.83,157.11
10/10/2020,16:01:14,19.47,24.83,5.8,26.83,155.75
10/10/2020,16:01:31,19.43,24.75,5.15,26.82,138.05
10/10/2020,16:01:59,19.45,24.83,5.86,26.85,157.2
10/10/2020,16:02:20,19.39,24.75,5.7,26.85,153.13
10/10/2020,16:02:30,19.37,24.75,5.65,26.87,151.9
10/10/2020,16:02:44,19.37,24.83,5.65,26.85,151.81
10/10/2020,16:02:58,19.39,24.83,5.45,26.89,146.56
10/10/2020,16:03:08,19.43,24.75,5.55,26.89,149.27
10/10/2020,16:03:22,19.47,24.69,5.65,26.88,151.96
10/10/2020,16:03:36,19.49,24.77,5.55,26.89,149.3
10/10/2020,16:03:46,19.53,24.71,5.5,27.07,148.92
10/10/2020,16:04:00,19.53,24.71,5.5,26.89,147.95
10/10/2020,16:04:14,19.49,24.63,5.45,26.92,146.76
10/10/2020,16:04:24,19.43,24.69,5,26.89,134.37
10/10/2020,16:04:36,19.39,24.71,5.65,26.91,152.14
10/10/2020,16:05:04,19.31,24.71,5.6,26.93,150.87
10/10/2020,16:05:26,19.23,24.65,5.4,26.93,145.46
10/10/2020,16:05:37,19.19,24.65,5.45,26.93,146.82
10/10/2020,16:05:50,19.11,24.65,5.4,26.93,145.46
10/10/2020,16:06:06,19.01,24.71,4.9,26.9,131.7
10/10/2020,16:06:18,19.01,24.71,5.55,26.92,149.48
10/10/2020,16:06:40,19.01,24.81,4.95,26.9,133.03
10/10/2020,16:06:54,19.07,24.81,4.95,26.91,133.09
10/10/2020,16:07:07,19.13,24.83,4.9,26.9,131.68
10/10/2020,16:07:23,19.15,24.81,4.79,26.91,129.01
10/10/2020,16:07:34,19.15,24.71,5.35,26.93,144.07
10/10/2020,16:07:51,19.19,24.75,4.79,26.91,129.04
10/10/2020,16:08:05,19.23,24.69,5.45,26.95,146.91
10/10/2020,16:08:17,19.23,24.71,4.74,26.92,127.7
10/10/2020,16:08:31,19.25,24.75,5.25,26.97,141.55
10/10/2020,16:08:43,19.29,24.65,5.4,26.96,145.61
10/10/2020,16:08:57,19.35,24.59,5.5,26.96,148.33
10/10/2020,16:09:13,19.29,24.35,4.84,27.08,131.2
10/10/2020,16:09:28,19.39,24.65,5.2,26.99,140.3
10/10/2020,16:09:38,19.45,24.57,5.3,26.99,143.05
10/10/2020,16:09:52,19.43,24.59,5.25,26.99,141.69
10/10/2020,16:10:06,19.47,24.53,5.2,26.99,140.33
10/10/2020,16:10:16,19.45,24.47,4.74,26.96,127.9
10/10/2020,16:10:38,19.35,24.53,4.64,26.97,125.23
10/10/2020,16:10:49,19.35,24.53,5.1,26.99,137.6
10/10/2020,16:11:18,19.39,24.57,5.05,27.01,136.32
10/10/2020,16:11:47,19.43,24.57,5,27.03,135.06
10/10/2020,16:11:57,19.47,24.47,5.25,27.03,141.86
10/10/2020,16:12:11,19.49,24.51,5.05,27.01,136.32
10/10/2020,16:12:36,19.39,24.51,5.1,27.01,137.68
10/10/2020,16:12:47,19.37,24.41,5.25,27.02,141.83
10/10/2020,16:12:57,19.37,24.51,5.1,27.01,137.68
10/10/2020,16:13:07,19.37,24.57,5.15,27.03,139.13
10/10/2020,16:13:18,19.39,24.51,5.1,27.03,137.79
10/10/2020,16:13:28,19.35,24.51,5.2,27.03,140.49
10/10/2020,16:13:38,19.43,24.47,5.1,27.01,137.71
10/10/2020,16:13:49,19.45,24.51,5.25,27.04,141.91
10/10/2020,16:13:59,19.45,24.51,5.25,27.03,141.89
10/10/2020,16:14:09,19.51,24.47,5.05,27.03,136.4
10/10/2020,16:14:20,19.47,24.41,5.15,27.05,139.27
10/10/2020,16:14:30,19.51,24.39,5.05,27.04,136.45
10/10/2020,16:14:41,19.51,24.39,5.1,27.04,137.84
10/10/2020,16:14:51,19.55,24.39,5.05,27.03,136.4
10/10/2020,16:15:01,19.53,24.35,5.1,27.01,137.71
10/10/2020,16:15:16,19.57,24.35,4.84,27.03,130.97
10/10/2020,16:15:26,19.57,24.39,5.2,27.01,140.44
10/10/2020,16:15:39,19.57,24.29,5.1,27,137.65
10/10/2020,16:15:54,19.65,24.33,5.2,27.04,140.55
10/10/2020,16:16:04,19.65,24.33,5.1,27.02,137.74
10/10/2020,16:16:15,19.65,24.33,5,27.05,135.17
10/10/2020,16:16:25,19.61,24.29,5,27.03,135.06
10/10/2020,16:16:35,19.57,24.27,5,27.03,135.06
10/10/2020,16:16:46,19.57,24.23,5,27.03,135.03
10/10/2020,16:16:56,19.57,24.27,4.95,27.05,133.77
10/10/2020,16:17:06,19.51,24.33,5,27.03,135.06
10/10/2020,16:17:17,19.53,24.29,5.2,27.04,140.55
10/10/2020,16:17:27,19.55,24.35,5.05,27.06,136.56
10/10/2020,16:17:37,19.55,24.29,5.15,27.04,139.21
10/10/2020,16:17:48,19.55,24.35,4.79,27.04,129.63
10/10/2020,16:17:58,19.51,24.29,5.05,27.05,136.53
10/10/2020,16:18:08,19.51,24.35,4.9,27.06,132.46
10/10/2020,16:18:19,19.49,24.29,5.05,27.05,136.53
10/10/2020,16:18:29,19.51,24.27,4.84,27.07,131.15
10/10/2020,16:18:39,19.51,24.33,5,27.06,135.22
10/10/2020,16:18:50,19.49,24.33,5,27.09,135.35
10/10/2020,16:19:00,19.47,24.33,5,27.07,135.27
10/10/2020,16:19:10,19.49,24.27,4.9,27.07,132.54
10/10/2020,16:19:21,19.49,24.33,5.05,27.08,136.7
10/10/2020,16:19:31,19.51,24.23,4.79,27.08,129.86
10/10/2020,16:19:42,19.45,24.29,5,27.1,135.38
10/10/2020,16:19:52,19.47,24.27,4.95,27.1,134.01
10/10/2020,16:20:02,19.47,24.27,4.84,27.11,131.33
10/10/2020,16:20:13,19.49,24.27,4.54,27.11,123.14
10/10/2020,16:20:23,19.45,24.21,4.84,27.1,131.3
10/10/2020,16:20:33,19.47,24.23,4.9,27.12,132.75
10/10/2020,16:20:44,19.45,24.15,4.9,27.11,132.72
10/10/2020,16:20:54,19.43,24.21,4.69,27.12,127.3
10/10/2020,16:21:04,19.47,24.23,4.79,27.13,130.09
10/10/2020,16:21:15,19.39,24.23,4.84,27.14,131.48
10/10/2020,16:21:25,19.37,24.27,4.84,27.15,131.54
10/10/2020,16:21:35,19.31,24.33,4.69,27.15,127.45
10/10/2020,16:21:46,19.31,24.29,4.79,27.16,130.22
10/10/2020,16:21:56,19.27,24.29,4.79,27.16,130.22
10/10/2020,16:22:06,19.21,24.27,4.69,27.16,127.47
10/10/2020,16:22:17,19.23,24.21,4.74,27.17,128.89
10/10/2020,16:22:27,19.21,24.33,4.59,27.17,124.78
10/10/2020,16:22:37,19.21,24.27,4.69,27.16,127.5
10/10/2020,16:22:48,19.19,24.35,4.69,27.16,127.5
10/10/2020,16:22:58,19.21,24.23,4.64,27.18,126.18
10/10/2020,16:23:09,19.21,24.33,4.84,27.18,131.66
10/10/2020,16:23:19,19.19,24.27,4.69,27.19,127.6
10/10/2020,16:23:29,19.23,24.39,4.69,27.18,127.57
10/10/2020,16:23:40,19.23,24.23,4.54,27.18,123.45
10/10/2020,16:23:50,19.25,24.29,4.59,27.19,124.85
10/10/2020,16:24:00,19.23,24.29,4.54,27.19,123.48
10/10/2020,16:24:11,19.15,24.27,4.64,27.21,126.32
10/10/2020,16:24:21,19.19,24.33,4.59,27.2,124.93
10/10/2020,16:24:31,19.21,24.23,4.64,27.2,126.27
10/10/2020,16:24:42,19.23,24.29,4.49,27.21,122.23
10/10/2020,16:24:52,19.23,24.29,4.44,27.2,120.78
10/10/2020,16:25:02,19.27,24.23,4.24,27.21,115.33
10/10/2020,16:25:13,19.29,24.17,4.64,27.22,126.37
10/10/2020,16:25:23,19.31,24.11,4.54,27.21,123.6
10/10/2020,16:25:33,19.33,24.15,4.69,27.21,127.72
10/10/2020,16:25:44,19.35,24.11,4.59,27.22,125
10/10/2020,16:25:54,19.37,24.09,4.64,27.22,126.37
10/10/2020,16:26:04,19.35,24.03,4.44,27.22,120.88
10/10/2020,16:26:15,19.31,24.11,4.44,27.22,120.88
10/10/2020,16:26:25,19.27,24.21,4.44,27.22,120.88
10/10/2020,16:26:36,19.15,24.21,4.44,27.22,120.88
10/10/2020,16:26:46,19.13,24.17,4.44,27.22,120.88
10/10/2020,16:26:56,19.09,24.17,4.44,27.22,120.88
10/10/2020,16:27:07,19.07,24.27,4.44,27.22,120.88
10/10/2020,16:27:17,19.07,24.23,4.39,27.22,119.5
10/10/2020,16:27:27,19.05,24.23,4.34,27.22,118.13
10/10/2020,16:27:38,19.05,24.27,4.34,27.22,118.13
10/10/2020,16:27:48,19.05,24.23,4.44,27.22,120.9
10/10/2020,16:27:58,19.09,24.23,4.44,27.22,120.9
10/10/2020,16:28:09,19.11,24.15,4.14,27.24,112.74
10/10/2020,16:28:19,19.11,24.09,4.14,27.24,112.74
10/10/2020,16:28:29,19.11,24.23,4.09,27.25,111.39
10/10/2020,16:28:40,19.09,24.23,4.39,27.26,119.69
10/10/2020,16:28:50,19.03,24.03,4.34,27.23,118.2
10/10/2020,16:29:00,19.03,24.17,4.29,27.26,116.94
10/10/2020,16:29:11,19.03,24.17,4.14,27.27,112.83
10/10/2020,16:29:21,19.03,24.09,4.34,27.26,118.31
10/10/2020,16:29:31,18.99,23.97,4.29,27.27,116.98
10/10/2020,16:29:42,18.99,24.05,4.14,27.27,112.83
10/10/2020,16:29:55,18.97,24.17,3.84,27.49,105.43
10/10/2020,16:30:11,18.91,23.99,3.58,27.26,97.66
10/10/2020,16:30:27,18.83,24.05,3.48,27.27,94.95
10/10/2020,16:30:44,18.81,24.05,3.43,27.27,93.57
10/10/2020,16:31:06,18.79,23.99,4.09,27.32,111.67
10/10/2020,16:31:20,18.71,23.97,3.94,27.31,107.49
10/10/2020,16:31:31,18.69,24.09,3.63,27.3,99.19
10/10/2020,16:31:42,18.71,24.15,3.48,27.28,94.97
10/10/2020,16:31:53,18.75,24.17,3.99,27.34,108.97
10/10/2020,16:32:12,18.69,24.09,3.38,27.29,92.25
10/10/2020,16:32:22,18.71,24.23,4.04,27.33,110.33
10/10/2020,16:32:36,18.71,24.15,3.99,27.33,108.95
10/10/2020,16:32:50,18.71,24.15,4.04,27.33,110.31
10/10/2020,16:33:01,18.75,23.97,3.99,27.34,109
10/10/2020,16:33:14,18.75,24.09,3.99,27.36,109.06
10/10/2020,16:33:28,18.67,24.05,3.73,27.36,102.15
10/10/2020,16:33:39,18.69,23.91,3.43,27.33,93.75
10/10/2020,16:33:55,18.69,23.97,3.48,27.31,95.1
10/10/2020,16:34:07,18.71,23.99,3.94,27.33,107.57
10/10/2020,16:34:21,18.69,23.93,3.89,27.36,106.32
10/10/2020,16:34:31,18.71,23.99,3.89,27.38,106.38
10/10/2020,16:34:45,18.79,23.93,4.04,27.37,110.51
10/10/2020,16:34:59,18.79,23.97,3.38,27.34,92.43
10/10/2020,16:35:13,18.81,23.99,3.18,27.36,86.96
10/10/2020,16:35:25,18.85,23.93,3.94,27.38,107.78
10/10/2020,16:35:41,18.91,23.97,3.84,27.39,105.06
10/10/2020,16:36:03,18.97,23.87,3.18,27.37,86.99
10/10/2020,16:36:13,18.99,23.93,3.89,27.41,106.5
10/10/2020,16:36:27,18.93,23.81,3.84,27.41,105.1
10/10/2020,16:36:41,18.89,23.87,3.89,27.4,106.46
10/10/2020,16:36:52,18.89,23.87,3.94,27.4,107.85
10/10/2020,16:37:20,18.85,23.87,3.94,27.43,107.97
10/10/2020,16:37:49,18.87,23.87,3.68,27.43,101.03
10/10/2020,16:37:59,18.87,23.91,3.63,27.43,99.66
10/10/2020,16:38:13,18.89,23.93,3.68,27.43,101.05
10/10/2020,16:38:27,18.89,23.87,3.08,27.42,84.39
10/10/2020,16:38:38,18.89,23.91,3.89,27.43,106.59
10/10/2020,16:38:54,18.89,23.87,3.78,27.43,103.82
10/10/2020,16:39:06,18.93,23.91,3.08,27.44,84.44
10/10/2020,16:39:17,18.99,23.75,3.08,27.43,84.42
10/10/2020,16:39:28,18.93,23.79,3.08,27.43,84.42
10/10/2020,16:39:39,19.01,23.71,3.63,27.43,99.66
10/10/2020,16:39:51,19.03,23.71,3.68,27.44,101.07
10/10/2020,16:40:04,19.03,23.69,3.18,27.44,87.21
10/10/2020,16:40:16,19.05,23.65,3.68,27.44,101.09
10/10/2020,16:40:34,19.01,23.63,3.08,27.43,84.42
10/10/2020,16:40:45,19.05,23.81,3.13,27.43,85.81
10/10/2020,16:41:00,19.01,23.69,3.08,27.43,84.41
10/10/2020,16:41:17,18.97,23.75,3.08,27.43,84.42
10/10/2020,16:41:46,19.01,23.65,3.63,27.43,99.66
10/10/2020,16:41:56,19.01,23.65,3.63,27.43,99.66
10/10/2020,16:42:10,18.99,23.87,3.13,27.43,85.81
10/10/2020,16:42:28,18.97,23.65,3.63,27.45,99.72
10/10/2020,16:42:41,18.97,23.63,3.08,27.44,84.44
10/10/2020,16:42:53,18.97,23.69,3.08,27.43,84.42
10/10/2020,16:43:06,18.97,23.69,3.08,27.43,84.42
10/10/2020,16:43:17,19.01,23.65,3.63,27.45,99.72
10/10/2020,16:43:33,19.01,23.65,3.68,27.45,101.11
10/10/2020,16:44:00,19.07,23.57,3.53,27.45,96.95
10/10/2020,16:44:15,19.05,23.53,3.43,27.47,94.25
10/10/2020,16:44:37,19.05,23.59,3.38,27.47,92.86
10/10/2020,16:44:50,19.07,23.53,3.48,27.47,95.65
10/10/2020,16:45:07,19.05,23.53,2.82,27.45,77.56
10/10/2020,16:45:17,19.03,23.57,3.63,27.46,99.78
10/10/2020,16:45:33,19.01,23.53,3.08,27.45,84.49
10/10/2020,16:45:44,18.91,23.59,3.58,27.49,98.49
10/10/2020,16:46:00,18.89,23.63,3.08,27.45,84.49
10/10/2020,16:46:11,18.87,23.63,3.08,27.46,84.52
10/10/2020,16:46:21,18.89,23.63,3.43,27.49,94.32
10/10/2020,16:46:33,18.89,23.69,3.68,27.49,101.24
10/10/2020,16:46:44,18.91,23.57,3.48,27.51,95.78
10/10/2020,16:47:03,18.89,23.53,2.67,27.49,73.48
10/10/2020,16:47:14,18.87,23.53,2.77,27.47,76.21
10/10/2020,16:47:24,18.89,23.53,2.67,27.47,73.45
10/10/2020,16:47:36,18.89,23.53,3.08,27.48,84.57
10/10/2020,16:47:47,18.89,23.45,2.82,27.48,77.63
10/10/2020,16:47:58,18.89,23.47,2.82,27.48,77.63
10/10/2020,16:48:11,18.87,23.53,3.63,27.52,99.97
10/10/2020,16:48:23,18.87,23.53,3.23,27.52,88.85
10/10/2020,16:48:33,18.85,23.51,3.38,27.53,93.06
10/10/2020,16:48:48,18.83,23.51,2.72,27.48,74.86
10/10/2020,16:48:59,18.81,23.47,3.08,27.49,84.59
10/10/2020,16:49:10,18.81,23.51,2.77,27.49,76.26
10/10/2020,16:49:23,18.77,23.45,3.08,27.47,84.54
10/10/2020,16:49:34,18.75,23.51,3.08,27.47,84.55
10/10/2020,16:49:45,18.81,23.53,3.63,27.51,99.93
10/10/2020,16:50:03,18.83,23.47,3.38,27.52,93.02
10/10/2020,16:50:15,18.81,23.53,3.48,27.51,95.78
10/10/2020,16:50:30,18.85,23.41,3.33,27.51,91.6
10/10/2020,16:50:41,18.81,23.51,3.48,27.5,95.73
10/10/2020,16:50:56,18.85,23.41,3.08,27.48,84.57
10/10/2020,16:51:09,18.83,23.41,2.82,27.48,77.63
10/10/2020,16:51:23,18.83,23.57,3.48,27.52,95.82
10/10/2020,16:51:55,18.77,23.41,3.48,27.52,95.82
10/10/2020,16:52:05,18.77,23.47,3.33,27.52,91.63
10/10/2020,16:52:19,18.77,23.45,2.77,27.49,76.26
10/10/2020,16:52:30,18.79,23.41,3.43,27.51,94.38
10/10/2020,16:52:47,18.79,23.41,2.77,27.49,76.27
10/10/2020,16:53:01,18.79,23.41,2.72,27.5,74.91
10/10/2020,16:53:16,18.71,23.41,3.53,27.53,97.23
10/10/2020,16:53:32,18.71,23.41,3.48,27.53,95.86
10/10/2020,16:53:46,18.67,23.39,3.43,27.53,94.47
10/10/2020,16:54:02,18.63,23.39,3.48,27.54,95.88
10/10/2020,16:54:12,18.65,23.41,3.43,27.55,94.52
10/10/2020,16:54:27,18.63,23.33,3.23,27.56,88.98
10/10/2020,16:54:39,18.63,23.41,3.38,27.55,93.13
10/10/2020,16:54:51,18.67,23.39,3.48,27.56,95.93
10/10/2020,16:55:11,18.61,23.41,3.23,27.58,89.04
10/10/2020,16:55:21,18.63,23.35,3.23,27.57,89.03
10/10/2020,16:55:35,18.61,23.35,3.38,27.58,93.22
10/10/2020,16:55:49,18.61,23.41,3.13,27.58,86.28
10/10/2020,16:56:00,18.61,23.29,3.38,27.61,93.35
10/10/2020,16:56:13,18.65,23.41,3.33,27.59,91.88
10/10/2020,16:56:27,18.61,23.35,3.23,27.59,89.08
10/10/2020,16:56:38,18.63,23.35,2.72,27.56,75.08
10/10/2020,16:56:48,18.63,23.39,3.23,27.6,89.11
10/10/2020,16:56:59,18.65,23.39,3.23,27.59,89.1
10/10/2020,16:57:15,18.65,23.23,3.23,27.58,89.04
10/10/2020,16:57:31,18.63,23.35,3.08,27.6,84.93
10/10/2020,16:57:41,18.63,23.23,3.08,27.6,84.93
10/10/2020,16:57:56,18.55,23.29,3.38,27.6,93.3
10/10/2020,16:58:12,18.55,23.35,3.08,27.61,84.98
10/10/2020,16:58:28,18.55,23.29,3.18,27.6,87.72
10/10/2020,16:58:39,18.57,23.29,3.38,27.6,93.3
10/10/2020,16:58:50,18.55,23.27,3.38,27.6,93.31
10/10/2020,16:59:05,18.53,23.27,3.28,27.6,90.51
10/10/2020,16:59:20,18.55,23.23,3.33,27.61,91.94
10/10/2020,16:59:36,18.53,23.21,3.23,27.59,89.1
10/10/2020,16:59:48,18.53,23.29,3.38,27.6,93.3
10/10/2020,16:59:58,18.49,23.27,2.47,27.59,68.18
10/10/2020,17:00:10,18.49,23.27,2.42,27.59,66.8
10/10/2020,17:00:26,18.53,23.17,3.13,27.6,86.34
10/10/2020,17:00:42,18.53,23.21,3.38,27.6,93.31
10/10/2020,17:00:54,18.55,23.15,3.28,27.6,90.53
10/10/2020,17:01:04,18.57,23.11,2.57,27.6,71
10/10/2020,17:01:15,18.59,23.17,2.62,27.58,72.35
10/10/2020,17:01:26,18.59,23.17,3.43,27.6,94.71
10/10/2020,17:01:38,18.65,23.15,2.57,27.59,70.97
10/10/2020,17:01:49,18.67,23.15,2.52,27.59,69.58
10/10/2020,17:02:00,18.67,23.09,3.28,27.59,90.47
10/10/2020,17:02:11,18.69,23.15,2.42,27.59,66.79
10/10/2020,17:02:24,18.67,23.15,3.23,27.6,89.11
10/10/2020,17:02:41,18.65,23.15,3.23,27.6,89.13
10/10/2020,17:02:56,18.63,23.21,3.33,27.6,91.92
10/10/2020,17:03:17,18.61,23.11,3.18,27.61,87.75
10/10/2020,17:03:27,18.59,23.05,3.18,27.61,87.75
10/10/2020,17:03:45,18.63,23.05,3.13,27.61,86.38
10/10/2020,17:04:01,18.63,23.23,3.28,27.61,90.56
10/10/2020,17:04:18,18.59,23.21,3.23,27.6,89.13
10/10/2020,17:04:28,18.63,23.23,2.42,27.59,66.79
10/10/2020,17:04:43,18.57,23.09,3.23,27.63,89.22
10/10/2020,17:04:58,18.59,23.11,3.13,27.62,86.39
10/10/2020,17:05:15,18.57,23.05,2.42,27.6,66.83
10/10/2020,17:05:27,18.61,23.09,3.23,27.64,89.25
10/10/2020,17:05:37,18.61,22.99,3.13,27.61,86.36
10/10/2020,17:05:51,18.59,22.99,2.32,27.59,64.02
10/10/2020,17:06:02,18.57,23.05,3.08,27.62,85
10/10/2020,17:06:15,18.47,22.99,2.42,27.61,66.85
10/10/2020,17:06:26,18.49,23.17,3.08,27.62,85.02
10/10/2020,17:06:56,18.45,22.99,3.28,27.64,90.63
10/10/2020,17:07:06,18.47,22.95,3.08,27.64,85.05
10/10/2020,17:07:20,18.43,23.03,3.08,27.64,85.05
10/10/2020,17:07:35,18.47,23.03,2.42,27.6,66.83
10/10/2020,17:07:46,18.49,23.03,3.08,27.64,85.06
10/10/2020,17:07:58,18.47,23.03,2.37,27.6,65.43
10/10/2020,17:08:08,18.49,23.03,2.32,27.61,64.05
10/10/2020,17:08:21,18.49,23.03,3.23,27.64,89.25
10/10/2020,17:08:32,18.49,23.03,3.18,27.64,87.86
10/10/2020,17:08:43,18.47,22.95,3.13,27.65,86.48
10/10/2020,17:08:54,18.45,22.99,3.18,27.64,87.86
10/10/2020,17:09:05,18.39,22.89,3.08,27.64,85.05
10/10/2020,17:09:16,18.35,22.93,2.47,27.6,68.22
10/10/2020,17:09:27,18.33,23.03,2.42,27.6,66.83
10/10/2020,17:09:38,18.33,22.99,3.18,27.64,87.86
10/10/2020,17:09:51,18.33,22.93,3.23,27.64,89.25
10/10/2020,17:10:03,18.33,22.93,3.08,27.63,85.03
10/10/2020,17:10:18,18.35,22.89,3.08,27.64,85.05
10/10/2020,17:10:28,18.35,23.03,3.13,27.64,86.46
10/10/2020,17:10:40,18.33,22.87,3.08,27.65,85.08
10/10/2020,17:10:58,18.35,22.87,3.28,27.65,90.67
10/10/2020,17:11:14,18.35,22.83,3.23,27.64,89.23
10/10/2020,17:11:28,18.35,22.87,3.08,27.65,85.08
10/10/2020,17:11:38,18.33,22.89,3.08,27.64,85.06
10/10/2020,17:11:56,18.37,22.83,3.08,27.64,85.05
10/10/2020,17:12:10,18.39,22.81,3.13,27.64,86.46
10/10/2020,17:12:30,18.43,22.89,3.23,27.64,89.25
10/10/2020,17:12:41,18.41,22.95,2.32,27.61,64.06
10/10/2020,17:13:02,18.47,22.81,3.18,27.65,87.87
10/10/2020,17:13:18,18.47,22.81,3.28,27.62,90.58
10/10/2020,17:13:30,18.45,22.77,2.82,27.65,78.1
10/10/2020,17:14:01,18.39,22.81,3.13,27.64,86.44
10/10/2020,17:14:11,18.39,22.77,3.23,27.65,89.27
10/10/2020,17:14:29,18.39,22.71,3.18,27.65,87.87
10/10/2020,17:14:47,18.39,22.71,3.08,27.64,85.05
10/10/2020,17:15:08,18.37,22.69,3.13,27.65,86.48
10/10/2020,17:15:18,18.37,22.69,3.18,27.65,87.87
10/10/2020,17:15:35,18.39,22.81,3.13,27.65,86.48
10/10/2020,17:15:56,18.39,22.69,3.13,27.65,86.48
10/10/2020,17:16:23,18.39,22.63,3.08,27.65,85.08
10/10/2020,17:16:34,18.39,22.63,3.23,27.65,89.27
10/10/2020,17:16:51,18.37,22.57,2.32,27.65,64.14
10/10/2020,17:17:02,18.37,22.65,3.13,27.65,86.48
10/10/2020,17:17:18,18.37,22.57,3.13,27.65,86.49
10/10/2020,17:17:33,18.41,22.65,3.08,27.65,85.1
10/10/2020,17:17:44,18.37,22.57,3.08,27.65,85.1
10/10/2020,17:17:56,18.41,22.69,3.08,27.65,85.1
10/10/2020,17:18:17,18.41,22.63,3.08,27.65,85.1
10/10/2020,17:18:29,18.43,22.65,3.08,27.66,85.11
10/10/2020,17:18:43,18.41,22.63,2.22,27.65,61.36
10/10/2020,17:18:53,18.41,22.65,2.77,27.68,76.81
10/10/2020,17:19:09,18.37,22.65,3.08,27.69,85.23
10/10/2020,17:19:21,18.35,22.71,2.72,27.68,75.41
10/10/2020,17:19:32,18.37,22.57,2.27,27.65,62.76
10/10/2020,17:19:42,18.35,22.65,2.32,27.65,64.15
10/10/2020,17:19:54,18.41,22.51,2.17,27.66,59.97
10/10/2020,17:20:04,18.41,22.57,3.08,27.69,85.21
10/10/2020,17:20:18,18.37,22.59,3.08,27.69,85.21
10/10/2020,17:20:34,18.39,22.81,2.77,27.71,76.87
10/10/2020,17:20:46,18.33,22.57,2.17,27.65,59.96
10/10/2020,17:20:57,18.35,22.57,3.08,27.7,85.25
10/10/2020,17:21:07,18.33,22.57,2.22,27.66,61.37
10/10/2020,17:21:22,18.33,22.53,2.22,27.67,61.41
10/10/2020,17:21:34,18.33,22.51,3.08,27.69,85.21
10/10/2020,17:21:45,18.33,22.53,2.22,27.66,61.38
10/10/2020,17:21:56,18.37,22.65,2.42,27.68,67.01
10/10/2020,17:22:11,18.33,22.53,2.22,27.69,61.44
10/10/2020,17:22:21,18.35,22.53,2.02,27.68,55.83
10/10/2020,17:22:32,18.37,22.53,2.07,27.67,57.21
10/10/2020,17:22:44,18.35,22.57,3.08,27.72,85.3
10/10/2020,17:22:55,18.31,22.57,2.22,27.68,61.43
10/10/2020,17:23:07,18.27,22.53,3.08,27.72,85.3
10/10/2020,17:23:18,18.27,22.47,3.08,27.71,85.28
10/10/2020,17:23:29,18.23,22.47,3.08,27.7,85.25
10/10/2020,17:23:40,18.27,22.51,2.17,27.67,60.01
10/10/2020,17:23:51,18.31,22.57,2.27,27.67,62.79
10/10/2020,17:24:02,18.25,22.47,2.17,27.69,60.04
10/10/2020,17:24:14,18.23,22.53,2.07,27.67,57.2
10/10/2020,17:24:25,18.23,22.41,2.32,27.68,64.23
10/10/2020,17:24:35,18.23,22.47,2.72,27.71,75.48
10/10/2020,17:24:46,18.25,22.43,2.07,27.69,57.25
10/10/2020,17:24:58,18.23,22.51,2.17,27.69,60.04
10/10/2020,17:25:10,18.27,22.43,2.22,27.7,61.47
10/10/2020,17:25:21,18.27,22.41,2.07,27.69,57.26
10/10/2020,17:25:33,18.33,22.37,2.32,27.7,64.26
10/10/2020,17:25:43,18.31,22.37,2.17,27.7,60.07
10/10/2020,17:25:55,18.35,22.41,2.07,27.71,57.28
10/10/2020,17:26:06,18.33,22.37,2.22,27.71,61.48
10/10/2020,17:26:18,18.35,22.37,3.08,27.74,85.36
10/10/2020,17:26:34,18.27,22.31,2.07,27.7,57.27
10/10/2020,17:26:44,18.25,22.41,2.22,27.72,61.5
10/10/2020,17:26:55,18.23,22.37,2.17,27.71,60.09
10/10/2020,17:27:07,18.17,22.37,2.17,27.73,60.14
10/10/2020,17:27:19,18.13,22.47,2.07,27.73,57.34
10/10/2020,17:27:32,18.15,22.37,2.12,27.75,58.77
10/10/2020,17:27:45,18.17,22.35,2.22,27.74,61.56
10/10/2020,17:27:55,18.15,22.37,2.02,27.75,55.98
10/10/2020,17:28:06,18.15,22.35,2.77,27.77,77.05
10/10/2020,17:28:22,18.17,22.41,1.97,27.76,54.59
10/10/2020,17:28:33,18.19,22.37,2.77,27.8,77.13
10/10/2020,17:28:45,18.19,22.35,2.77,27.8,77.12
10/10/2020,17:28:55,18.21,22.35,2.02,27.77,56.02
10/10/2020,17:29:08,18.23,22.31,2.02,27.77,56.02
10/10/2020,17:29:19,18.27,22.31,2.02,27.78,56.03
10/10/2020,17:29:33,18.27,22.29,2.77,27.83,77.22
10/10/2020,17:29:47,18.27,22.37,2.67,27.81,74.34
10/10/2020,17:29:57,18.27,22.29,2.62,27.81,72.94
10/10/2020,17:30:10,18.27,22.31,2.22,27.8,61.68
10/10/2020,17:30:21,18.31,22.31,1.97,27.8,54.67
10/10/2020,17:30:32,18.27,22.31,2.72,27.84,75.83
10/10/2020,17:30:44,18.27,22.19,2.02,27.81,56.1
10/10/2020,17:30:55,18.27,22.25,1.92,27.81,53.29
10/10/2020,17:31:05,18.25,22.25,2.52,27.84,70.21
10/10/2020,17:31:17,18.23,22.25,1.87,27.82,51.89
10/10/2020,17:31:28,18.25,22.29,2.02,27.82,56.11
10/10/2020,17:31:44,18.23,22.25,2.02,27.82,56.12
10/10/2020,17:32:02,18.19,22.23,2.07,27.83,57.53
10/10/2020,17:32:13,18.23,22.25,2.02,27.82,56.12
10/10/2020,17:32:27,18.27,22.29,1.87,27.83,51.91
10/10/2020,17:32:39,18.31,22.29,1.92,27.86,53.38
10/10/2020,17:32:53,18.33,22.35,1.97,27.86,54.79
10/10/2020,17:33:04,18.31,22.35,1.87,27.86,51.97
10/10/2020,17:33:15,18.37,22.23,2.57,27.87,71.7
10/10/2020,17:33:38,18.39,22.11,2.02,27.85,56.18
10/10/2020,17:33:54,18.43,22.05,1.92,27.85,53.37
10/10/2020,17:34:05,18.43,22.11,1.92,27.86,53.38
10/10/2020,17:34:15,18.41,22.11,2.62,27.89,73.15
10/10/2020,17:34:26,18.43,22.11,1.87,27.87,51.98
10/10/2020,17:34:38,18.43,22.13,1.87,27.86,51.97
10/10/2020,17:34:49,18.43,22.07,1.87,27.85,51.96
10/10/2020,17:35:01,18.43,22.07,1.87,27.86,51.97
10/10/2020,17:35:16,18.49,22.13,1.92,27.86,53.38
10/10/2020,17:35:26,18.45,22.05,2.67,27.9,74.58
10/10/2020,17:35:38,18.45,22.07,1.71,27.87,47.76
10/10/2020,17:35:54,18.43,21.95,1.92,27.88,53.41
10/10/2020,17:36:05,18.45,21.95,1.81,27.87,50.59
10/10/2020,17:36:17,18.43,22.07,1.92,27.86,53.38
